Workbook

Sheet 1. T-Shirt Combed Premium - Sab
B2: T-Shirt Combed Premium - Sablon | C2: Total Harga/Pcs
B3: Bahan | C3: =SUM('249 T-shirt Custom'!J10:J11) -> 0
B4: Aksesoris | C4: =SUM('249 T-shirt Custom'!J14:J20) -> 1578.7
B5: Pekerja | C5: =SUM('249 T-shirt Custom'!J24:J27) -> 7250
B6: Total Biaya Per Pcs | C6: =SUM(C3:D5) -> 8828.7

Sheet 2. T-Shirt Combed Reguler - Sab
B2: T-Shirt Combed Reguler - Sablon | C2: Total Harga/Pcs
B3: Bahan | C3: =SUM(J10:J11) -> 26225.391
B4: Aksesoris | C4: =SUM(J14:J20) -> 4078.7
B5: Pekerja | C5: =SUM(J23:J26) -> 7250
B6: Total Biaya Per Pcs | C6: =SUM(C3:D5) -> 37554.091
A8: BAHAN UTAMA
A9: NO | B9: BAHAN | C9: WARNA | D9: PEMAKAIAN | E9: UNIT | F9: KETERANGAN Pemakaian | G9: VENDOR | H9: HARGA ECER | I9: HARGA ROLL | J9: HARGA / PCS
A10: 1 | B10: Cotton Combed Reguler | C10: Hitam | D10: =1/4.6 -> 0.2173913 | E10: Kg | F10: 1 kg untuk 4,6 Pcs | G10: Fokus | H10: 116000 | J10: =D10*H10 -> 25217.391
A11: 2 | B11: Rib Cotton Combed Reguler | C11: Hitam | D11: =1/125 -> 0.008 | E11: Kg | F11: 1 Kg untuk 125 Pcs | G11: Fokus | H11: 126000 | J11: =D11*H11 -> 1008
A12: AKSESORIS
A13: NO | B13: BAHAN | C13: WARNA | D13: PEMAKAIAN | E13: UNIT | F13: KET. PEMAKAIAN | G13: VENDOR | H13: HARGA ECER | I13: HARGA ROLL | J13: HARGA / PCS
A14: 1 | B14: Benang Jahit | C14: Hitam | D14: =4/100 -> 0.04 | E14: Lusin | F14: 1 lusin jadi 100pc | G14: Toko 1001 | H14: 25000 | J14: =D14*H14 -> 1000
A15: 2 | B15: Benang Obras | C15: Hitam | D15: 0 | E15: Cones | F15: 4 cones jadi 120pc | G15: Toko 1001 | H15: 13000 | J15: =D15*H15 -> 0
A16: 3 | B16: Label Size Bordir | C16: Hitam | D16: =1/100 -> 0.01 | E16: Golong | F16: 1 Golong Jadi 100 pc | G16: Toko 1001 | H16: 10000 | J16: =D16*H16 -> 100
A17: 4 | B17: Plastik Opp 30 Micron | C17: Bening | D17: 1 | E17: Pcs | F17: 1 Plastik 1 Pcs | G17: Mapan Plastik | H17: 370 | J17: =D17*H17 -> 370
A18: 5 | B18: Plastik Pp 50x60cm | C18: Bening | D18: =1/10 -> 0.1 | E18: Pcs | F18: 1 Plastik 10 Pcs | G18: Istana Plastik | H18: 587 | J18: =D18*H18 -> 58.7
A19: 6 | B19: Karung | C19: Putih | D19: =1/100 -> 0.01 | E19: Pcs | F19: 1 karung 100 pcs | G19: Cibadak | H19: 5000 | J19: =D19*H19 -> 50
A20: 7 | B20: Cat Sablon Plastisol | C20: Mix Warna | D20: 1 | E20: Pcs | F20: - | G20: Metro SPS | H20: 2500 | J20: =D20*H20 -> 2500
A21: Manufaktur
A22: NO | B22: WORK | D22: PEMAKAIAN | E22: UNIT | F22: KET. PEMAKAIAN | G22: VENDOR | H22: ESTIMASI MIN | J22: HARGA / PCS
A23: 1 | B23: Cutting T-Shirt | D23: 1 | E23: Pcs | G23: VML | H23: 750 | J23: =D23*H23 -> 750
A24: 2 | B24: Sablon T-Shirt | D24: 1 | E24: Pcs | G24: VML | H24: 2000 | J24: =D24*H24 -> 2000
A25: 3 | B25: Jahit T-Shirt | D25: 1 | E25: Pcs | G25: VML | H25: 2500 | J25: =D25*H25 -> 2500
A26: 4 | B26: QC T-Shirt | D26: 1 | E26: Pcs | G26: VML | H26: 2000 | J26: =D26*H26 -> 2000

Sheet 3. T-Shirt Combed Premium - DTF
B2: T-Shirt Combed Premium - DTF | C2: Total Harga/Pcs
B3: Bahan | C3: =SUM(J10:J11) -> 30451.826
B4: Aksesoris | C4: =SUM(J14:J20) -> 5328.7
B5: Pekerja | C5: =SUM(J23:J26) -> 6750
B6: Total Biaya Per Pcs | C6: =SUM(C3:D5) -> 42530.526
A8: BAHAN UTAMA
A9: NO | B9: BAHAN | C9: WARNA | D9: PEMAKAIAN | E9: UNIT | F9: KETERANGAN Pemakaian | G9: VENDOR | H9: HARGA ECER | I9: HARGA ROLL | J9: HARGA / PCS
A10: 1 | B10: Cotton Combed Premium | C10: Hitam | D10: =1/4.6 -> 0.2173913 | E10: Kg | F10: 1 kg untuk 4,6 Pcs | G10: CV. Terang Mulia Bandung | H10: 135000 | J10: =D10*H10 -> 29347.826
A11: 2 | B11: Rib Cotton Combed Premium | C11: Hitam | D11: =1/125 -> 0.008 | E11: Kg | F11: 1 Kg untuk 125 Pcs | G11: CV. Terang Mulia Bandung | H11: 138000 | J11: =D11*H11 -> 1104
A12: AKSESORIS
A13: NO | B13: BAHAN | C13: WARNA | D13: PEMAKAIAN | E13: UNIT | F13: KET. PEMAKAIAN | G13: VENDOR | H13: HARGA ECER | I13: HARGA ROLL | J13: HARGA / PCS
A14: 1 | B14: Benang Jahit | C14: Hitam | D14: =4/100 -> 0.04 | E14: Lusin | F14: 1 lusin jadi 100pc | G14: Toko 1001 | H14: 25000 | J14: =D14*H14 -> 1000
A15: 2 | B15: Benang Obras | C15: Hitam | D15: 0 | E15: Cones | F15: 4 cones jadi 120pc | G15: Toko 1001 | H15: 13000 | J15: =D15*H15 -> 0
A16: 3 | B16: Label Size Bordir | C16: Hitam | D16: =1/100 -> 0.01 | E16: Golong | F16: 1 Golong Jadi 100 pc | G16: Toko 1001 | H16: 10000 | J16: =D16*H16 -> 100
A17: 4 | B17: Plastik Opp 30 Micron | C17: Bening | D17: 1 | E17: Pcs | F17: 1 Plastik 1 Pcs | G17: Mapan Plastik | H17: 370 | J17: =D17*H17 -> 370
A18: 5 | B18: Plastik Pp 50x60cm | C18: Bening | D18: =1/10 -> 0.1 | E18: Pcs | F18: 1 Plastik 10 Pcs | G18: Istana Plastik | H18: 587 | J18: =D18*H18 -> 58.7
A19: 6 | B19: Karung | C19: Putih | D19: =1/100 -> 0.01 | E19: Pcs | F19: 1 karung 100 pcs | G19: Cibadak | H19: 5000 | J19: =D19*H19 -> 50
A20: 7 | B20: DTF | C20: Mix Warna | D20: 1 | E20: Pcs | F20: - | G20: Max Print | H20: 3750 | J20: =D20*H20 -> 3750
A21: Manufaktur
A22: NO | B22: WORK | D22: PEMAKAIAN | E22: UNIT | F22: KET. PEMAKAIAN | G22: VENDOR | H22: ESTIMASI MIN | J22: HARGA / PCS
A23: 1 | B23: Cutting T-Shirt | D23: 1 | E23: Pcs | G23: VML | H23: 750 | J23: =D23*H23 -> 750
A24: 2 | B24: Sablon T-Shirt | D24: 1 | E24: Pcs | G24: VML | H24: 1500 | J24: =D24*H24 -> 1500
A25: 3 | B25: Jahit T-Shirt | D25: 1 | E25: Pcs | G25: VML | H25: 2500 | J25: =D25*H25 -> 2500
A26: 4 | B26: QC T-Shirt | D26: 1 | E26: Pcs | G26: VML | H26: 2000 | J26: =D26*H26 -> 2000

Sheet 4. T-Shirt Combed Reguler - DTF
B2: T-Shirt Combed Reguler - DTF | C2: Total Harga/Pcs
B3: Bahan | C3: =SUM(J10:J11) -> 26225.391
B4: Aksesoris | C4: =SUM(J14:J20) -> 5328.7
B5: Pekerja | C5: =SUM(J23:J26) -> 6750
B6: Total Biaya Per Pcs | C6: =SUM(C3:D5) -> 38304.091
A8: BAHAN UTAMA
A9: NO | B9: BAHAN | C9: WARNA | D9: PEMAKAIAN | E9: UNIT | F9: KETERANGAN Pemakaian | G9: VENDOR | H9: HARGA ECER | I9: HARGA ROLL | J9: HARGA / PCS
A10: 1 | B10: Cotton Combed reguler | C10: Hitam | D10: =1/4.6 -> 0.2173913 | E10: Kg | F10: 1 kg untuk 4,6 Pcs | G10: Fokus | H10: 116000 | J10: =D10*H10 -> 25217.391
A11: 2 | B11: Rib Cotton Combed Reguler | C11: Hitam | D11: =1/125 -> 0.008 | E11: Kg | F11: 1 Kg untuk 125 Pcs | G11: Fokus | H11: 126000 | J11: =D11*H11 -> 1008
A12: AKSESORIS
A13: NO | B13: BAHAN | C13: WARNA | D13: PEMAKAIAN | E13: UNIT | F13: KET. PEMAKAIAN | G13: VENDOR | H13: HARGA ECER | I13: HARGA ROLL | J13: HARGA / PCS
A14: 1 | B14: Benang Jahit | C14: Hitam | D14: =4/100 -> 0.04 | E14: Lusin | F14: 1 lusin jadi 100pc | G14: Toko 1001 | H14: 25000 | J14: =D14*H14 -> 1000
A15: 2 | B15: Benang Obras | C15: Hitam | D15: 0 | E15: Cones | F15: 4 cones jadi 120pc | G15: Toko 1001 | H15: 13000 | J15: =D15*H15 -> 0
A16: 3 | B16: Label Size Bordir | C16: Hitam | D16: =1/100 -> 0.01 | E16: Golong | F16: 1 Golong Jadi 100 pc | G16: Toko 1001 | H16: 10000 | J16: =D16*H16 -> 100
A17: 4 | B17: Plastik Opp 30 Micron | C17: Bening | D17: 1 | E17: Pcs | F17: 1 Plastik 1 Pcs | G17: Mapan Plastik | H17: 370 | J17: =D17*H17 -> 370
A18: 5 | B18: Plastik Pp 50x60cm | C18: Bening | D18: =1/10 -> 0.1 | E18: Pcs | F18: 1 Plastik 10 Pcs | G18: Istana Plastik | H18: 587 | J18: =D18*H18 -> 58.7
A19: 6 | B19: Karung | C19: Putih | D19: =1/100 -> 0.01 | E19: Pcs | F19: 1 karung 100 pcs | G19: Cibadak | H19: 5000 | J19: =D19*H19 -> 50
A20: 7 | B20: DTF | C20: Mix Warna | D20: 1 | E20: Pcs | F20: - | G20: Max Print | H20: 3750 | J20: =D20*H20 -> 3750
A21: Manufaktur
A22: NO | B22: WORK | D22: PEMAKAIAN | E22: UNIT | F22: KET. PEMAKAIAN | G22: VENDOR | H22: ESTIMASI MIN | J22: HARGA / PCS
A23: 1 | B23: Cutting T-Shirt | D23: 1 | E23: Pcs | G23: VML | H23: 750 | J23: =D23*H23 -> 750
A24: 2 | B24: Sablon T-Shirt | D24: 1 | E24: Pcs | G24: VML | H24: 1500 | J24: =D24*H24 -> 1500
A25: 3 | B25: Jahit T-Shirt | D25: 1 | E25: Pcs | G25: VML | H25: 2500 | J25: =D25*H25 -> 2500
A26: 4 | B26: QC T-Shirt | D26: 1 | E26: Pcs | G26: VML | H26: 2000 | J26: =D26*H26 -> 2000

Sheet 5. T-Shirt Oversize Combed Prem
B2: T-Shirt Oversize Combed Premium - Sablon | C2: Total Harga/Pcs
B3: Bahan | C3: =SUM(J10:J11) -> 39951.429
B4: Aksesoris | C4: =SUM(J14:J20) -> 4078.7
B5: Pekerja | C5: =SUM(J23:J26) -> 7250
B6: Total Biaya Per Pcs | C6: =SUM(C3:D5) -> 51280.129
A8: BAHAN UTAMA
A9: NO | B9: BAHAN | C9: WARNA | D9: PEMAKAIAN | E9: UNIT | F9: KETERANGAN Pemakaian | G9: VENDOR | H9: HARGA ECER | I9: HARGA ROLL | J9: HARGA / PCS
A10: 1 | B10: Cotton Combed Premium | C10: Hitam | D10: =1/3.5 -> 0.28571429 | E10: Kg | F10: 1 kg untuk 3,5 Pcs | G10: CV. Terang Mulia Bandung | H10: 135000 | J10: =D10*H10 -> 38571.429
A11: 2 | B11: Rib Cotton Combed Premium | C11: Hitam | D11: =1/100 -> 0.01 | E11: Kg | F11: 1 Kg untuk 100 Pcs | G11: CV. Terang Mulia Bandung | H11: 138000 | J11: =D11*H11 -> 1380
A12: AKSESORIS
A13: NO | B13: BAHAN | C13: WARNA | D13: PEMAKAIAN | E13: UNIT | F13: KET. PEMAKAIAN | G13: VENDOR | H13: HARGA ECER | I13: HARGA ROLL | J13: HARGA / PCS
A14: 1 | B14: Benang Jahit | C14: Hitam | D14: =4/100 -> 0.04 | E14: Lusin | F14: 1 lusin jadi 100pc | G14: Toko 1001 | H14: 25000 | J14: =D14*H14 -> 1000
A15: 2 | B15: Benang Obras | C15: Hitam | D15: 0 | E15: Cones | F15: 4 cones jadi 120pc | G15: Toko 1001 | H15: 13000 | J15: =D15*H15 -> 0
A16: 3 | B16: Label Size Bordir | C16: Hitam | D16: =1/100 -> 0.01 | E16: Golong | F16: 1 Golong Jadi 100 pc | G16: Toko 1001 | H16: 10000 | J16: =D16*H16 -> 100
A17: 4 | B17: Plastik Opp 30 Micron | C17: Bening | D17: 1 | E17: Pcs | F17: 1 Plastik 1 Pcs | G17: Mapan Plastik | H17: 370 | J17: =D17*H17 -> 370
A18: 5 | B18: Plastik Pp 50x60cm | C18: Bening | D18: =1/10 -> 0.1 | E18: Pcs | F18: 1 Plastik 10 Pcs | G18: Istana Plastik | H18: 587 | J18: =D18*H18 -> 58.7
A19: 6 | B19: Karung | C19: Putih | D19: =1/100 -> 0.01 | E19: Pcs | F19: 1 karung 100 pcs | G19: Cibadak | H19: 5000 | J19: =D19*H19 -> 50
A20: 7 | B20: Cat Sablon Plastisol | C20: Mix Warna | D20: 1 | E20: Pcs | F20: - | G20: Metro SPS | H20: 2500 | J20: =D20*H20 -> 2500
A21: Manufaktur
A22: NO | B22: WORK | D22: PEMAKAIAN | E22: UNIT | F22: KET. PEMAKAIAN | G22: VENDOR | H22: ESTIMASI MIN | J22: HARGA / PCS
A23: 1 | B23: Cutting T-Shirt | D23: 1 | E23: Pcs | G23: VML | H23: 750 | J23: =D23*H23 -> 750
A24: 2 | B24: Sablon T-Shirt | D24: 1 | E24: Pcs | G24: VML | H24: 2000 | J24: =D24*H24 -> 2000
A25: 3 | B25: Jahit T-Shirt | D25: 1 | E25: Pcs | G25: VML | H25: 2500 | J25: =D25*H25 -> 2500
A26: 4 | B26: QC T-Shirt | D26: 1 | E26: Pcs | G26: VML | H26: 2000 | J26: =D26*H26 -> 2000

Sheet 6. T-Shirt Oversize Combed Regu
B2: T-Shirt Oversize Combed Reguler - Sablon | C2: Total Harga/Pcs
B3: Bahan | C3: =SUM(J10:J11) -> 34402.857
B4: Aksesoris | C4: =SUM(J14:J20) -> 4078.7
B5: Pekerja | C5: =SUM(J23:J26) -> 7250
B6: Total Biaya Per Pcs | C6: =SUM(C3:D5) -> 45731.557
A8: BAHAN UTAMA
A9: NO | B9: BAHAN | C9: WARNA | D9: PEMAKAIAN | E9: UNIT | F9: KETERANGAN Pemakaian | G9: VENDOR | H9: HARGA ECER | I9: HARGA ROLL | J9: HARGA / PCS
A10: 1 | B10: Cotton Combed Reguler | C10: Hitam | D10: =1/3.5 -> 0.28571429 | E10: Kg | F10: 1 kg untuk 3,5 Pcs | G10: Fokus | H10: 116000 | J10: =D10*H10 -> 33142.857
A11: 2 | B11: Rib Cotton Combed Reguler | C11: Hitam | D11: =1/100 -> 0.01 | E11: Kg | F11: 1 Kg untuk 100 Pcs | G11: Fokus | H11: 126000 | J11: =D11*H11 -> 1260
A12: AKSESORIS
A13: NO | B13: BAHAN | C13: WARNA | D13: PEMAKAIAN | E13: UNIT | F13: KET. PEMAKAIAN | G13: VENDOR | H13: HARGA ECER | I13: HARGA ROLL | J13: HARGA / PCS
A14: 1 | B14: Benang Jahit | C14: Hitam | D14: =4/100 -> 0.04 | E14: Lusin | F14: 1 lusin jadi 100pc | G14: Toko 1001 | H14: 25000 | J14: =D14*H14 -> 1000
A15: 2 | B15: Benang Obras | C15: Hitam | D15: 0 | E15: Cones | F15: 4 cones jadi 120pc | G15: Toko 1001 | H15: 13000 | J15: =D15*H15 -> 0
A16: 3 | B16: Label Size Bordir | C16: Hitam | D16: =1/100 -> 0.01 | E16: Golong | F16: 1 Golong Jadi 100 pc | G16: Toko 1001 | H16: 10000 | J16: =D16*H16 -> 100
A17: 4 | B17: Plastik Opp 30 Micron | C17: Bening | D17: 1 | E17: Pcs | F17: 1 Plastik 1 Pcs | G17: Mapan Plastik | H17: 370 | J17: =D17*H17 -> 370
A18: 5 | B18: Plastik Pp 50x60cm | C18: Bening | D18: =1/10 -> 0.1 | E18: Pcs | F18: 1 Plastik 10 Pcs | G18: Istana Plastik | H18: 587 | J18: =D18*H18 -> 58.7
A19: 6 | B19: Karung | C19: Putih | D19: =1/100 -> 0.01 | E19: Pcs | F19: 1 karung 100 pcs | G19: Cibadak | H19: 5000 | J19: =D19*H19 -> 50
A20: 7 | B20: Cat Sablon Plastisol | C20: Mix Warna | D20: 1 | E20: Pcs | F20: - | G20: Metro SPS | H20: 2500 | J20: =D20*H20 -> 2500
A21: Manufaktur
A22: NO | B22: WORK | D22: PEMAKAIAN | E22: UNIT | F22: KET. PEMAKAIAN | G22: VENDOR | H22: ESTIMASI MIN | J22: HARGA / PCS
A23: 1 | B23: Cutting T-Shirt | D23: 1 | E23: Pcs | G23: VML | H23: 750 | J23: =D23*H23 -> 750
A24: 2 | B24: Sablon T-Shirt | D24: 1 | E24: Pcs | G24: VML | H24: 2000 | J24: =D24*H24 -> 2000
A25: 3 | B25: Jahit T-Shirt | D25: 1 | E25: Pcs | G25: VML | H25: 2500 | J25: =D25*H25 -> 2500
A26: 4 | B26: QC T-Shirt | D26: 1 | E26: Pcs | G26: VML | H26: 2000 | J26: =D26*H26 -> 2000

Sheet 7. T-Shirt Oversize Combed Prem
B2: T-Shirt Oversize Combed Premium - DTF | C2: Total Harga/Pcs
B3: Bahan | C3: =SUM(J10:J11) -> 39951.429
B4: Aksesoris | C4: =SUM(J14:J20) -> 5328.7
B5: Pekerja | C5: =SUM(J23:J26) -> 7250
B6: Total Biaya Per Pcs | C6: =SUM(C3:D5) -> 52530.129
A8: BAHAN UTAMA
A9: NO | B9: BAHAN | C9: WARNA | D9: PEMAKAIAN | E9: UNIT | F9: KETERANGAN Pemakaian | G9: VENDOR | H9: HARGA ECER | I9: HARGA ROLL | J9: HARGA / PCS
A10: 1 | B10: Cotton Combed Premium | C10: Hitam | D10: =1/3.5 -> 0.28571429 | E10: Kg | F10: 1 kg untuk 3,5 Pcs | G10: CV. Terang Mulia Bandung | H10: 135000 | J10: =D10*H10 -> 38571.429
A11: 2 | B11: Rib Cotton Combed Premium | C11: Hitam | D11: =1/100 -> 0.01 | E11: Kg | F11: 1 Kg untuk 100 Pcs | G11: CV. Terang Mulia Bandung | H11: 138000 | J11: =D11*H11 -> 1380
A12: AKSESORIS
A13: NO | B13: BAHAN | C13: WARNA | D13: PEMAKAIAN | E13: UNIT | F13: KET. PEMAKAIAN | G13: VENDOR | H13: HARGA ECER | I13: HARGA ROLL | J13: HARGA / PCS
A14: 1 | B14: Benang Jahit | C14: Hitam | D14: =4/100 -> 0.04 | E14: Lusin | F14: 1 lusin jadi 100pc | G14: Toko 1001 | H14: 25000 | J14: =D14*H14 -> 1000
A15: 2 | B15: Benang Obras | C15: Hitam | D15: 0 | E15: Cones | F15: 4 cones jadi 120pc | G15: Toko 1001 | H15: 13000 | J15: =D15*H15 -> 0
A16: 3 | B16: Label Size Bordir | C16: Hitam | D16: =1/100 -> 0.01 | E16: Golong | F16: 1 Golong Jadi 100 pc | G16: Toko 1001 | H16: 10000 | J16: =D16*H16 -> 100
A17: 4 | B17: Plastik Opp 30 Micron | C17: Bening | D17: 1 | E17: Pcs | F17: 1 Plastik 1 Pcs | G17: Mapan Plastik | H17: 370 | J17: =D17*H17 -> 370
A18: 5 | B18: Plastik Pp 50x60cm | C18: Bening | D18: =1/10 -> 0.1 | E18: Pcs | F18: 1 Plastik 10 Pcs | G18: Istana Plastik | H18: 587 | J18: =D18*H18 -> 58.7
A19: 6 | B19: Karung | C19: Putih | D19: =1/100 -> 0.01 | E19: Pcs | F19: 1 karung 100 pcs | G19: Cibadak | H19: 5000 | J19: =D19*H19 -> 50
A20: 7 | B20: DTF | C20: Mix Warna | D20: 1 | E20: Pcs | F20: - | G20: Max Print | H20: 3750 | J20: =D20*H20 -> 3750
A21: Manufaktur
A22: NO | B22: WORK | D22: PEMAKAIAN | E22: UNIT | F22: KET. PEMAKAIAN | G22: VENDOR | H22: ESTIMASI MIN | J22: HARGA / PCS
A23: 1 | B23: Cutting T-Shirt | D23: 1 | E23: Pcs | G23: VML | H23: 750 | J23: =D23*H23 -> 750
A24: 2 | B24: Sablon T-Shirt | D24: 1 | E24: Pcs | G24: VML | H24: 2000 | J24: =D24*H24 -> 2000
A25: 3 | B25: Jahit T-Shirt | D25: 1 | E25: Pcs | G25: VML | H25: 2500 | J25: =D25*H25 -> 2500
A26: 4 | B26: QC T-Shirt | D26: 1 | E26: Pcs | G26: VML | H26: 2000 | J26: =D26*H26 -> 2000

Sheet 8. T-Shirt Oversize Combed Regu
B2: T-Shirt Oversize Combed Reguler - DTF | C2: Total Harga/Pcs
B3: Bahan | C3: =SUM(J10:J11) -> 34402.857
B4: Aksesoris | C4: =SUM(J14:J20) -> 5328.7
B5: Pekerja | C5: =SUM(J23:J26) -> 7250
B6: Total Biaya Per Pcs | C6: =SUM(C3:D5) -> 46981.557
A8: BAHAN UTAMA
A9: NO | B9: BAHAN | C9: WARNA | D9: PEMAKAIAN | E9: UNIT | F9: KETERANGAN Pemakaian | G9: VENDOR | H9: HARGA ECER | I9: HARGA ROLL | J9: HARGA / PCS
A10: 1 | B10: Cotton Combed Reguler | C10: Hitam | D10: =1/3.5 -> 0.28571429 | E10: Kg | F10: 1 kg untuk 3,5 Pcs | G10: Fokus | H10: 116000 | J10: =D10*H10 -> 33142.857
A11: 2 | B11: Rib Cotton Combed Reguler | C11: Hitam | D11: =1/100 -> 0.01 | E11: Kg | F11: 1 Kg untuk 100 Pcs | G11: Fokus | H11: 126000 | J11: =D11*H11 -> 1260
A12: AKSESORIS
A13: NO | B13: BAHAN | C13: WARNA | D13: PEMAKAIAN | E13: UNIT | F13: KET. PEMAKAIAN | G13: VENDOR | H13: HARGA ECER | I13: HARGA ROLL | J13: HARGA / PCS
A14: 1 | B14: Benang Jahit | C14: Hitam | D14: =4/100 -> 0.04 | E14: Lusin | F14: 1 lusin jadi 100pc | G14: Toko 1001 | H14: 25000 | J14: =D14*H14 -> 1000
A15: 2 | B15: Benang Obras | C15: Hitam | D15: 0 | E15: Cones | F15: 4 cones jadi 120pc | G15: Toko 1001 | H15: 13000 | J15: =D15*H15 -> 0
A16: 3 | B16: Label Size Bordir | C16: Hitam | D16: =1/100 -> 0.01 | E16: Golong | F16: 1 Golong Jadi 100 pc | G16: Toko 1001 | H16: 10000 | J16: =D16*H16 -> 100
A17: 4 | B17: Plastik Opp 30 Micron | C17: Bening | D17: 1 | E17: Pcs | F17: 1 Plastik 1 Pcs | G17: Mapan Plastik | H17: 370 | J17: =D17*H17 -> 370
A18: 5 | B18: Plastik Pp 50x60cm | C18: Bening | D18: =1/10 -> 0.1 | E18: Pcs | F18: 1 Plastik 10 Pcs | G18: Istana Plastik | H18: 587 | J18: =D18*H18 -> 58.7
A19: 6 | B19: Karung | C19: Putih | D19: =1/100 -> 0.01 | E19: Pcs | F19: 1 karung 100 pcs | G19: Cibadak | H19: 5000 | J19: =D19*H19 -> 50
A20: 7 | B20: DTF | C20: Mix Warna | D20: 1 | E20: Pcs | F20: - | G20: Max Print | H20: 3750 | J20: =D20*H20 -> 3750
A21: Manufaktur
A22: NO | B22: WORK | D22: PEMAKAIAN | E22: UNIT | F22: KET. PEMAKAIAN | G22: VENDOR | H22: ESTIMASI MIN | J22: HARGA / PCS
A23: 1 | B23: Cutting T-Shirt | D23: 1 | E23: Pcs | G23: VML | H23: 750 | J23: =D23*H23 -> 750
A24: 2 | B24: Sablon T-Shirt | D24: 1 | E24: Pcs | G24: VML | H24: 2000 | J24: =D24*H24 -> 2000
A25: 3 | B25: Jahit T-Shirt | D25: 1 | E25: Pcs | G25: VML | H25: 2500 | J25: =D25*H25 -> 2500
A26: 4 | B26: QC T-Shirt | D26: 1 | E26: Pcs | G26: VML | H26: 2000 | J26: =D26*H26 -> 2000

Sheet 9. T-Shirt Boxy Combed Premium 
B2: T-Shirt Boxy Combed Premium - Sablon | C2: Total Harga/Pcs
B3: Bahan | C3: =SUM(J10:J11) -> 39951.429
B4: Aksesoris | C4: =SUM(J14:J20) -> 4078.7
B5: Pekerja | C5: =SUM(J23:J26) -> 7250
B6: Total Biaya Per Pcs | C6: =SUM(C3:D5) -> 51280.129
A8: BAHAN UTAMA
A9: NO | B9: BAHAN | C9: WARNA | D9: PEMAKAIAN | E9: UNIT | F9: KETERANGAN Pemakaian | G9: VENDOR | H9: HARGA ECER | I9: HARGA ROLL | J9: HARGA / PCS
A10: 1 | B10: Cotton Combed Premium | C10: Hitam | D10: =1/3.5 -> 0.28571429 | E10: Kg | F10: 1 kg untuk 3,5 Pcs | G10: CV. Terang Mulia Bandung | H10: 135000 | J10: =D10*H10 -> 38571.429
A11: 2 | B11: Rib Cotton Combed Premium | C11: Hitam | D11: =1/100 -> 0.01 | E11: Kg | F11: 1 Kg untuk 100 Pcs | G11: CV. Terang Mulia Bandung | H11: 138000 | J11: =D11*H11 -> 1380
A12: AKSESORIS
A13: NO | B13: BAHAN | C13: WARNA | D13: PEMAKAIAN | E13: UNIT | F13: KET. PEMAKAIAN | G13: VENDOR | H13: HARGA ECER | I13: HARGA ROLL | J13: HARGA / PCS
A14: 1 | B14: Benang Jahit | C14: Hitam | D14: =4/100 -> 0.04 | E14: Lusin | F14: 1 lusin jadi 100pc | G14: Toko 1001 | H14: 25000 | J14: =D14*H14 -> 1000
A15: 2 | B15: Benang Obras | C15: Hitam | D15: 0 | E15: Cones | F15: 4 cones jadi 120pc | G15: Toko 1001 | H15: 13000 | J15: =D15*H15 -> 0
A16: 3 | B16: Label Size Bordir | C16: Hitam | D16: =1/100 -> 0.01 | E16: Golong | F16: 1 Golong Jadi 100 pc | G16: Toko 1001 | H16: 10000 | J16: =D16*H16 -> 100
A17: 4 | B17: Plastik Opp 30 Micron | C17: Bening | D17: 1 | E17: Pcs | F17: 1 Plastik 1 Pcs | G17: Mapan Plastik | H17: 370 | J17: =D17*H17 -> 370
A18: 5 | B18: Plastik Pp 50x60cm | C18: Bening | D18: =1/10 -> 0.1 | E18: Pcs | F18: 1 Plastik 10 Pcs | G18: Istana Plastik | H18: 587 | J18: =D18*H18 -> 58.7
A19: 6 | B19: Karung | C19: Putih | D19: =1/100 -> 0.01 | E19: Pcs | F19: 1 karung 100 pcs | G19: Cibadak | H19: 5000 | J19: =D19*H19 -> 50
A20: 7 | B20: Cat Sablon Plastisol | C20: Mix Warna | D20: 1 | E20: Pcs | F20: - | G20: Metro SPS | H20: 2500 | J20: =D20*H20 -> 2500
A21: Manufaktur
A22: NO | B22: WORK | D22: PEMAKAIAN | E22: UNIT | F22: KET. PEMAKAIAN | G22: VENDOR | H22: ESTIMASI MIN | J22: HARGA / PCS
A23: 1 | B23: Cutting T-Shirt | D23: 1 | E23: Pcs | G23: VML | H23: 750 | J23: =D23*H23 -> 750
A24: 2 | B24: Sablon T-Shirt | D24: 1 | E24: Pcs | G24: VML | H24: 2000 | J24: =D24*H24 -> 2000
A25: 3 | B25: Jahit T-Shirt | D25: 1 | E25: Pcs | G25: VML | H25: 2500 | J25: =D25*H25 -> 2500
A26: 4 | B26: QC T-Shirt | D26: 1 | E26: Pcs | G26: VML | H26: 2000 | J26: =D26*H26 -> 2000

Sheet 10. T-Shirt Boxy Combed Reguler
B2: T-Shirt Boxy Combed Reguler - Sablon | C2: Total Harga/Pcs
B3: Bahan | C3: =SUM(J10:J11) -> 34402.857
B4: Aksesoris | C4: =SUM(J14:J20) -> 4078.7
B5: Pekerja | C5: =SUM(J23:J26) -> 7250
B6: Total Biaya Per Pcs | C6: =SUM(C3:D5) -> 45731.557
A8: BAHAN UTAMA
A9: NO | B9: BAHAN | C9: WARNA | D9: PEMAKAIAN | E9: UNIT | F9: KETERANGAN Pemakaian | G9: VENDOR | H9: HARGA ECER | I9: HARGA ROLL | J9: HARGA / PCS
A10: 1 | B10: Cotton Combed Premium | C10: Hitam | D10: =1/3.5 -> 0.28571429 | E10: Kg | F10: 1 kg untuk 3,5 Pcs | G10: Fokus | H10: 116000 | J10: =D10*H10 -> 33142.857
A11: 2 | B11: Rib Cotton Combed Premium | C11: Hitam | D11: =1/100 -> 0.01 | E11: Kg | F11: 1 Kg untuk 100 Pcs | G11: Fokus | H11: 126000 | J11: =D11*H11 -> 1260
A12: AKSESORIS
A13: NO | B13: BAHAN | C13: WARNA | D13: PEMAKAIAN | E13: UNIT | F13: KET. PEMAKAIAN | G13: VENDOR | H13: HARGA ECER | I13: HARGA ROLL | J13: HARGA / PCS
A14: 1 | B14: Benang Jahit | C14: Hitam | D14: =4/100 -> 0.04 | E14: Lusin | F14: 1 lusin jadi 100pc | G14: Toko 1001 | H14: 25000 | J14: =D14*H14 -> 1000
A15: 2 | B15: Benang Obras | C15: Hitam | D15: 0 | E15: Cones | F15: 4 cones jadi 120pc | G15: Toko 1001 | H15: 13000 | J15: =D15*H15 -> 0
A16: 3 | B16: Label Size Bordir | C16: Hitam | D16: =1/100 -> 0.01 | E16: Golong | F16: 1 Golong Jadi 100 pc | G16: Toko 1001 | H16: 10000 | J16: =D16*H16 -> 100
A17: 4 | B17: Plastik Opp 30 Micron | C17: Bening | D17: 1 | E17: Pcs | F17: 1 Plastik 1 Pcs | G17: Mapan Plastik | H17: 370 | J17: =D17*H17 -> 370
A18: 5 | B18: Plastik Pp 50x60cm | C18: Bening | D18: =1/10 -> 0.1 | E18: Pcs | F18: 1 Plastik 10 Pcs | G18: Istana Plastik | H18: 587 | J18: =D18*H18 -> 58.7
A19: 6 | B19: Karung | C19: Putih | D19: =1/100 -> 0.01 | E19: Pcs | F19: 1 karung 100 pcs | G19: Cibadak | H19: 5000 | J19: =D19*H19 -> 50
A20: 7 | B20: Cat Sablon Plastisol | C20: Mix Warna | D20: 1 | E20: Pcs | F20: - | G20: Metro SPS | H20: 2500 | J20: =D20*H20 -> 2500
A21: Manufaktur
A22: NO | B22: WORK | D22: PEMAKAIAN | E22: UNIT | F22: KET. PEMAKAIAN | G22: VENDOR | H22: ESTIMASI MIN | J22: HARGA / PCS
A23: 1 | B23: Cutting T-Shirt | D23: 1 | E23: Pcs | G23: VML | H23: 750 | J23: =D23*H23 -> 750
A24: 2 | B24: Sablon T-Shirt | D24: 1 | E24: Pcs | G24: VML | H24: 2000 | J24: =D24*H24 -> 2000
A25: 3 | B25: Jahit T-Shirt | D25: 1 | E25: Pcs | G25: VML | H25: 2500 | J25: =D25*H25 -> 2500
A26: 4 | B26: QC T-Shirt | D26: 1 | E26: Pcs | G26: VML | H26: 2000 | J26: =D26*H26 -> 2000

Sheet 11. T-Shirt Boxy Combed Premium
B2: T-Shirt Boxy Combed Premium - DTF | C2: Total Harga/Pcs
B3: Bahan | C3: =SUM(J10:J11) -> 39951.429
B4: Aksesoris | C4: =SUM(J14:J20) -> 5328.7
B5: Pekerja | C5: =SUM(J23:J26) -> 7250
B6: Total Biaya Per Pcs | C6: =SUM(C3:D5) -> 52530.129
A8: BAHAN UTAMA
A9: NO | B9: BAHAN | C9: WARNA | D9: PEMAKAIAN | E9: UNIT | F9: KETERANGAN Pemakaian | G9: VENDOR | H9: HARGA ECER | I9: HARGA ROLL | J9: HARGA / PCS
A10: 1 | B10: Cotton Combed Premium | C10: Hitam | D10: =1/3.5 -> 0.28571429 | E10: Kg | F10: 1 kg untuk 3,5 Pcs | G10: CV. Terang Mulia Bandung | H10: 135000 | J10: =D10*H10 -> 38571.429
A11: 2 | B11: Rib Cotton Combed Premium | C11: Hitam | D11: =1/100 -> 0.01 | E11: Kg | F11: 1 Kg untuk 100 Pcs | G11: CV. Terang Mulia Bandung | H11: 138000 | J11: =D11*H11 -> 1380
A12: AKSESORIS
A13: NO | B13: BAHAN | C13: WARNA | D13: PEMAKAIAN | E13: UNIT | F13: KET. PEMAKAIAN | G13: VENDOR | H13: HARGA ECER | I13: HARGA ROLL | J13: HARGA / PCS
A14: 1 | B14: Benang Jahit | C14: Hitam | D14: =4/100 -> 0.04 | E14: Lusin | F14: 1 lusin jadi 100pc | G14: Toko 1001 | H14: 25000 | J14: =D14*H14 -> 1000
A15: 2 | B15: Benang Obras | C15: Hitam | D15: 0 | E15: Cones | F15: 4 cones jadi 120pc | G15: Toko 1001 | H15: 13000 | J15: =D15*H15 -> 0
A16: 3 | B16: Label Size Bordir | C16: Hitam | D16: =1/100 -> 0.01 | E16: Golong | F16: 1 Golong Jadi 100 pc | G16: Toko 1001 | H16: 10000 | J16: =D16*H16 -> 100
A17: 4 | B17: Plastik Opp 30 Micron | C17: Bening | D17: 1 | E17: Pcs | F17: 1 Plastik 1 Pcs | G17: Mapan Plastik | H17: 370 | J17: =D17*H17 -> 370
A18: 5 | B18: Plastik Pp 50x60cm | C18: Bening | D18: =1/10 -> 0.1 | E18: Pcs | F18: 1 Plastik 10 Pcs | G18: Istana Plastik | H18: 587 | J18: =D18*H18 -> 58.7
A19: 6 | B19: Karung | C19: Putih | D19: =1/100 -> 0.01 | E19: Pcs | F19: 1 karung 100 pcs | G19: Cibadak | H19: 5000 | J19: =D19*H19 -> 50
A20: 7 | B20: DTF | C20: Mix Warna | D20: 1 | E20: Pcs | F20: - | G20: Max Print | H20: 3750 | J20: =D20*H20 -> 3750
A21: Manufaktur
A22: NO | B22: WORK | D22: PEMAKAIAN | E22: UNIT | F22: KET. PEMAKAIAN | G22: VENDOR | H22: ESTIMASI MIN | J22: HARGA / PCS
A23: 1 | B23: Cutting T-Shirt | D23: 1 | E23: Pcs | G23: VML | H23: 750 | J23: =D23*H23 -> 750
A24: 2 | B24: Sablon T-Shirt | D24: 1 | E24: Pcs | G24: VML | H24: 2000 | J24: =D24*H24 -> 2000
A25: 3 | B25: Jahit T-Shirt | D25: 1 | E25: Pcs | G25: VML | H25: 2500 | J25: =D25*H25 -> 2500
A26: 4 | B26: QC T-Shirt | D26: 1 | E26: Pcs | G26: VML | H26: 2000 | J26: =D26*H26 -> 2000

Sheet 12. T-Shirt Boxy Combed Reguler
B2: T-Shirt Boxy Combed Reguler - DTF | C2: Total Harga/Pcs
B3: Bahan | C3: =SUM(J10:J11) -> 34402.857
B4: Aksesoris | C4: =SUM(J14:J20) -> 5328.7
B5: Pekerja | C5: =SUM(J23:J26) -> 7250
B6: Total Biaya Per Pcs | C6: =SUM(C3:D5) -> 46981.557
A8: BAHAN UTAMA
A9: NO | B9: BAHAN | C9: WARNA | D9: PEMAKAIAN | E9: UNIT | F9: KETERANGAN Pemakaian | G9: VENDOR | H9: HARGA ECER | I9: HARGA ROLL | J9: HARGA / PCS
A10: 1 | B10: Cotton Combed Premium | C10: Hitam | D10: =1/3.5 -> 0.28571429 | E10: Kg | F10: 1 kg untuk 3,5 Pcs | G10: Fokus | H10: 116000 | J10: =D10*H10 -> 33142.857
A11: 2 | B11: Rib Cotton Combed Premium | C11: Hitam | D11: =1/100 -> 0.01 | E11: Kg | F11: 1 Kg untuk 100 Pcs | G11: Fokus | H11: 126000 | J11: =D11*H11 -> 1260
A12: AKSESORIS
A13: NO | B13: BAHAN | C13: WARNA | D13: PEMAKAIAN | E13: UNIT | F13: KET. PEMAKAIAN | G13: VENDOR | H13: HARGA ECER | I13: HARGA ROLL | J13: HARGA / PCS
A14: 1 | B14: Benang Jahit | C14: Hitam | D14: =4/100 -> 0.04 | E14: Lusin | F14: 1 lusin jadi 100pc | G14: Toko 1001 | H14: 25000 | J14: =D14*H14 -> 1000
A15: 2 | B15: Benang Obras | C15: Hitam | D15: 0 | E15: Cones | F15: 4 cones jadi 120pc | G15: Toko 1001 | H15: 13000 | J15: =D15*H15 -> 0
A16: 3 | B16: Label Size Bordir | C16: Hitam | D16: =1/100 -> 0.01 | E16: Golong | F16: 1 Golong Jadi 100 pc | G16: Toko 1001 | H16: 10000 | J16: =D16*H16 -> 100
A17: 4 | B17: Plastik Opp 30 Micron | C17: Bening | D17: 1 | E17: Pcs | F17: 1 Plastik 1 Pcs | G17: Mapan Plastik | H17: 370 | J17: =D17*H17 -> 370
A18: 5 | B18: Plastik Pp 50x60cm | C18: Bening | D18: =1/10 -> 0.1 | E18: Pcs | F18: 1 Plastik 10 Pcs | G18: Istana Plastik | H18: 587 | J18: =D18*H18 -> 58.7
A19: 6 | B19: Karung | C19: Putih | D19: =1/100 -> 0.01 | E19: Pcs | F19: 1 karung 100 pcs | G19: Cibadak | H19: 5000 | J19: =D19*H19 -> 50
A20: 7 | B20: DTF | C20: Mix Warna | D20: 1 | E20: Pcs | F20: - | G20: Max Print | H20: 3750 | J20: =D20*H20 -> 3750
A21: Manufaktur
A22: NO | B22: WORK | D22: PEMAKAIAN | E22: UNIT | F22: KET. PEMAKAIAN | G22: VENDOR | H22: ESTIMASI MIN | J22: HARGA / PCS
A23: 1 | B23: Cutting T-Shirt | D23: 1 | E23: Pcs | G23: VML | H23: 750 | J23: =D23*H23 -> 750
A24: 2 | B24: Sablon T-Shirt | D24: 1 | E24: Pcs | G24: VML | H24: 2000 | J24: =D24*H24 -> 2000
A25: 3 | B25: Jahit T-Shirt | D25: 1 | E25: Pcs | G25: VML | H25: 2500 | J25: =D25*H25 -> 2500
A26: 4 | B26: QC T-Shirt | D26: 1 | E26: Pcs | G26: VML | H26: 2000 | J26: =D26*H26 -> 2000

Sheet 13. T-Shirt US Combed Premium -
B2: T-Shirt US Combed Premium - Sablon | C2: Total Harga/Pcs
B3: Bahan | C3: =SUM(J10:J11) -> 39951.429
B4: Aksesoris | C4: =SUM(J14:J20) -> 4078.7
B5: Pekerja | C5: =SUM(J23:J26) -> 7250
B6: Total Biaya Per Pcs | C6: =SUM(C3:D5) -> 51280.129
A8: BAHAN UTAMA
A9: NO | B9: BAHAN | C9: WARNA | D9: PEMAKAIAN | E9: UNIT | F9: KETERANGAN Pemakaian | G9: VENDOR | H9: HARGA ECER | I9: HARGA ROLL | J9: HARGA / PCS
A10: 1 | B10: Cotton Combed Premium | C10: Hitam | D10: =1/3.5 -> 0.28571429 | E10: Kg | F10: 1 kg untuk 3,5 Pcs | G10: CV. Terang Mulia Bandung | H10: 135000 | J10: =D10*H10 -> 38571.429
A11: 2 | B11: Rib Cotton Combed Premium | C11: Hitam | D11: =1/100 -> 0.01 | E11: Kg | F11: 1 Kg untuk 100 Pcs | G11: CV. Terang Mulia Bandung | H11: 138000 | J11: =D11*H11 -> 1380
A12: AKSESORIS
A13: NO | B13: BAHAN | C13: WARNA | D13: PEMAKAIAN | E13: UNIT | F13: KET. PEMAKAIAN | G13: VENDOR | H13: HARGA ECER | I13: HARGA ROLL | J13: HARGA / PCS
A14: 1 | B14: Benang Jahit | C14: Hitam | D14: =4/100 -> 0.04 | E14: Lusin | F14: 1 lusin jadi 100pc | G14: Toko 1001 | H14: 25000 | J14: =D14*H14 -> 1000
A15: 2 | B15: Benang Obras | C15: Hitam | D15: 0 | E15: Cones | F15: 4 cones jadi 120pc | G15: Toko 1001 | H15: 13000 | J15: =D15*H15 -> 0
A16: 3 | B16: Label Size Bordir | C16: Hitam | D16: =1/100 -> 0.01 | E16: Golong | F16: 1 Golong Jadi 100 pc | G16: Toko 1001 | H16: 10000 | J16: =D16*H16 -> 100
A17: 4 | B17: Plastik Opp 30 Micron | C17: Bening | D17: 1 | E17: Pcs | F17: 1 Plastik 1 Pcs | G17: Mapan Plastik | H17: 370 | J17: =D17*H17 -> 370
A18: 5 | B18: Plastik Pp 50x60cm | C18: Bening | D18: =1/10 -> 0.1 | E18: Pcs | F18: 1 Plastik 10 Pcs | G18: Istana Plastik | H18: 587 | J18: =D18*H18 -> 58.7
A19: 6 | B19: Karung | C19: Putih | D19: =1/100 -> 0.01 | E19: Pcs | F19: 1 karung 100 pcs | G19: Cibadak | H19: 5000 | J19: =D19*H19 -> 50
A20: 7 | B20: Cat Sablon Plastisol | C20: Mix Warna | D20: 1 | E20: Pcs | F20: - | G20: Metro SPS | H20: 2500 | J20: =D20*H20 -> 2500
A21: Manufaktur
A22: NO | B22: WORK | D22: PEMAKAIAN | E22: UNIT | F22: KET. PEMAKAIAN | G22: VENDOR | H22: ESTIMASI MIN | J22: HARGA / PCS
A23: 1 | B23: Cutting T-Shirt | D23: 1 | E23: Pcs | G23: VML | H23: 750 | J23: =D23*H23 -> 750
A24: 2 | B24: Sablon T-Shirt | D24: 1 | E24: Pcs | G24: VML | H24: 2000 | J24: =D24*H24 -> 2000
A25: 3 | B25: Jahit T-Shirt | D25: 1 | E25: Pcs | G25: VML | H25: 2500 | J25: =D25*H25 -> 2500
A26: 4 | B26: QC T-Shirt | D26: 1 | E26: Pcs | G26: VML | H26: 2000 | J26: =D26*H26 -> 2000

Sheet 14. T-Shirt US Combed Reguler -
B2: T-Shirt US Combed Reguler - Sablon | C2: Total Harga/Pcs
B3: Bahan | C3: =SUM(J10:J11) -> 31786.316
B4: Aksesoris | C4: =SUM(J14:J20) -> 4078.7
B5: Pekerja | C5: =SUM(J23:J26) -> 7250
B6: Total Biaya Per Pcs | C6: =SUM(C3:D5) -> 43115.016
A8: BAHAN UTAMA
A9: NO | B9: BAHAN | C9: WARNA | D9: PEMAKAIAN | E9: UNIT | F9: KETERANGAN Pemakaian | G9: VENDOR | H9: HARGA ECER | I9: HARGA ROLL | J9: HARGA / PCS
A10: 1 | B10: Cotton Combed Premium | C10: Hitam | D10: =1/3.8 -> 0.26315789 | E10: Kg | F10: 1 kg untuk 3,8 Pcs | G10: Fokus | H10: 116000 | J10: =D10*H10 -> 30526.316
A11: 2 | B11: Rib Cotton Combed Premium | C11: Hitam | D11: =1/100 -> 0.01 | E11: Kg | F11: 1 Kg untuk 100 Pcs | G11: Fokus | H11: 126000 | J11: =D11*H11 -> 1260
A12: AKSESORIS
A13: NO | B13: BAHAN | C13: WARNA | D13: PEMAKAIAN | E13: UNIT | F13: KET. PEMAKAIAN | G13: VENDOR | H13: HARGA ECER | I13: HARGA ROLL | J13: HARGA / PCS
A14: 1 | B14: Benang Jahit | C14: Hitam | D14: =4/100 -> 0.04 | E14: Lusin | F14: 1 lusin jadi 100pc | G14: Toko 1001 | H14: 25000 | J14: =D14*H14 -> 1000
A15: 2 | B15: Benang Obras | C15: Hitam | D15: 0 | E15: Cones | F15: 4 cones jadi 120pc | G15: Toko 1001 | H15: 13000 | J15: =D15*H15 -> 0
A16: 3 | B16: Label Size Bordir | C16: Hitam | D16: =1/100 -> 0.01 | E16: Golong | F16: 1 Golong Jadi 100 pc | G16: Toko 1001 | H16: 10000 | J16: =D16*H16 -> 100
A17: 4 | B17: Plastik Opp 30 Micron | C17: Bening | D17: 1 | E17: Pcs | F17: 1 Plastik 1 Pcs | G17: Mapan Plastik | H17: 370 | J17: =D17*H17 -> 370
A18: 5 | B18: Plastik Pp 50x60cm | C18: Bening | D18: =1/10 -> 0.1 | E18: Pcs | F18: 1 Plastik 10 Pcs | G18: Istana Plastik | H18: 587 | J18: =D18*H18 -> 58.7
A19: 6 | B19: Karung | C19: Putih | D19: =1/100 -> 0.01 | E19: Pcs | F19: 1 karung 100 pcs | G19: Cibadak | H19: 5000 | J19: =D19*H19 -> 50
A20: 7 | B20: Cat Sablon Plastisol | C20: Mix Warna | D20: 1 | E20: Pcs | F20: - | G20: Metro SPS | H20: 2500 | J20: =D20*H20 -> 2500
A21: Manufaktur
A22: NO | B22: WORK | D22: PEMAKAIAN | E22: UNIT | F22: KET. PEMAKAIAN | G22: VENDOR | H22: ESTIMASI MIN | J22: HARGA / PCS
A23: 1 | B23: Cutting T-Shirt | D23: 1 | E23: Pcs | G23: VML | H23: 750 | J23: =D23*H23 -> 750
A24: 2 | B24: Sablon T-Shirt | D24: 1 | E24: Pcs | G24: VML | H24: 2000 | J24: =D24*H24 -> 2000
A25: 3 | B25: Jahit T-Shirt | D25: 1 | E25: Pcs | G25: VML | H25: 2500 | J25: =D25*H25 -> 2500
A26: 4 | B26: QC T-Shirt | D26: 1 | E26: Pcs | G26: VML | H26: 2000 | J26: =D26*H26 -> 2000

Sheet 15. T-Shirt US Combed Premium -
B2: T-Shirt US Combed Premium - DTF | C2: Total Harga/Pcs
B3: Bahan | C3: =SUM(J10:J11) -> 36906.316
B4: Aksesoris | C4: =SUM(J14:J20) -> 5328.7
B5: Pekerja | C5: =SUM(J23:J26) -> 7250
B6: Total Biaya Per Pcs | C6: =SUM(C3:D5) -> 49485.016
A8: BAHAN UTAMA
A9: NO | B9: BAHAN | C9: WARNA | D9: PEMAKAIAN | E9: UNIT | F9: KETERANGAN Pemakaian | G9: VENDOR | H9: HARGA ECER | I9: HARGA ROLL | J9: HARGA / PCS
A10: 1 | B10: Cotton Combed Premium | C10: Hitam | D10: =1/3.8 -> 0.26315789 | E10: Kg | F10: 1 kg untuk 3,8 Pcs | G10: CV. Terang Mulia Bandung | H10: 135000 | J10: =D10*H10 -> 35526.316
A11: 2 | B11: Rib Cotton Combed Premium | C11: Hitam | D11: =1/100 -> 0.01 | E11: Kg | F11: 1 Kg untuk 100 Pcs | G11: CV. Terang Mulia Bandung | H11: 138000 | J11: =D11*H11 -> 1380
A12: AKSESORIS
A13: NO | B13: BAHAN | C13: WARNA | D13: PEMAKAIAN | E13: UNIT | F13: KET. PEMAKAIAN | G13: VENDOR | H13: HARGA ECER | I13: HARGA ROLL | J13: HARGA / PCS
A14: 1 | B14: Benang Jahit | C14: Hitam | D14: =4/100 -> 0.04 | E14: Lusin | F14: 1 lusin jadi 100pc | G14: Toko 1001 | H14: 25000 | J14: =D14*H14 -> 1000
A15: 2 | B15: Benang Obras | C15: Hitam | D15: 0 | E15: Cones | F15: 4 cones jadi 120pc | G15: Toko 1001 | H15: 13000 | J15: =D15*H15 -> 0
A16: 3 | B16: Label Size Bordir | C16: Hitam | D16: =1/100 -> 0.01 | E16: Golong | F16: 1 Golong Jadi 100 pc | G16: Toko 1001 | H16: 10000 | J16: =D16*H16 -> 100
A17: 4 | B17: Plastik Opp 30 Micron | C17: Bening | D17: 1 | E17: Pcs | F17: 1 Plastik 1 Pcs | G17: Mapan Plastik | H17: 370 | J17: =D17*H17 -> 370
A18: 5 | B18: Plastik Pp 50x60cm | C18: Bening | D18: =1/10 -> 0.1 | E18: Pcs | F18: 1 Plastik 10 Pcs | G18: Istana Plastik | H18: 587 | J18: =D18*H18 -> 58.7
A19: 6 | B19: Karung | C19: Putih | D19: =1/100 -> 0.01 | E19: Pcs | F19: 1 karung 100 pcs | G19: Cibadak | H19: 5000 | J19: =D19*H19 -> 50
A20: 7 | B20: DTF | C20: Mix Warna | D20: 1 | E20: Pcs | F20: - | G20: Max Print | H20: 3750 | J20: =D20*H20 -> 3750
A21: Manufaktur
A22: NO | B22: WORK | D22: PEMAKAIAN | E22: UNIT | F22: KET. PEMAKAIAN | G22: VENDOR | H22: ESTIMASI MIN | J22: HARGA / PCS
A23: 1 | B23: Cutting T-Shirt | D23: 1 | E23: Pcs | G23: VML | H23: 750 | J23: =D23*H23 -> 750
A24: 2 | B24: Sablon T-Shirt | D24: 1 | E24: Pcs | G24: VML | H24: 2000 | J24: =D24*H24 -> 2000
A25: 3 | B25: Jahit T-Shirt | D25: 1 | E25: Pcs | G25: VML | H25: 2500 | J25: =D25*H25 -> 2500
A26: 4 | B26: QC T-Shirt | D26: 1 | E26: Pcs | G26: VML | H26: 2000 | J26: =D26*H26 -> 2000

Sheet 16. T-Shirt US Combed Reguler -
B2: T-Shirt US Combed Reguler - DTF | C2: Total Harga/Pcs
B3: Bahan | C3: =SUM(J10:J11) -> 31786.316
B4: Aksesoris | C4: =SUM(J14:J20) -> 5328.7
B5: Pekerja | C5: =SUM(J23:J26) -> 7250
B6: Total Biaya Per Pcs | C6: =SUM(C3:D5) -> 44365.016
A8: BAHAN UTAMA
A9: NO | B9: BAHAN | C9: WARNA | D9: PEMAKAIAN | E9: UNIT | F9: KETERANGAN Pemakaian | G9: VENDOR | H9: HARGA ECER | I9: HARGA ROLL | J9: HARGA / PCS
A10: 1 | B10: Cotton Combed Premium | C10: Hitam | D10: =1/3.8 -> 0.26315789 | E10: Kg | F10: 1 kg untuk 3,8 Pcs | G10: Fokus | H10: 116000 | J10: =D10*H10 -> 30526.316
A11: 2 | B11: Rib Cotton Combed Premium | C11: Hitam | D11: =1/100 -> 0.01 | E11: Kg | F11: 1 Kg untuk 100 Pcs | G11: Fokus | H11: 126000 | J11: =D11*H11 -> 1260
A12: AKSESORIS
A13: NO | B13: BAHAN | C13: WARNA | D13: PEMAKAIAN | E13: UNIT | F13: KET. PEMAKAIAN | G13: VENDOR | H13: HARGA ECER | I13: HARGA ROLL | J13: HARGA / PCS
A14: 1 | B14: Benang Jahit | C14: Hitam | D14: =4/100 -> 0.04 | E14: Lusin | F14: 1 lusin jadi 100pc | G14: Toko 1001 | H14: 25000 | J14: =D14*H14 -> 1000
A15: 2 | B15: Benang Obras | C15: Hitam | D15: 0 | E15: Cones | F15: 4 cones jadi 120pc | G15: Toko 1001 | H15: 13000 | J15: =D15*H15 -> 0
A16: 3 | B16: Label Size Bordir | C16: Hitam | D16: =1/100 -> 0.01 | E16: Golong | F16: 1 Golong Jadi 100 pc | G16: Toko 1001 | H16: 10000 | J16: =D16*H16 -> 100
A17: 4 | B17: Plastik Opp 30 Micron | C17: Bening | D17: 1 | E17: Pcs | F17: 1 Plastik 1 Pcs | G17: Mapan Plastik | H17: 370 | J17: =D17*H17 -> 370
A18: 5 | B18: Plastik Pp 50x60cm | C18: Bening | D18: =1/10 -> 0.1 | E18: Pcs | F18: 1 Plastik 10 Pcs | G18: Istana Plastik | H18: 587 | J18: =D18*H18 -> 58.7
A19: 6 | B19: Karung | C19: Putih | D19: =1/100 -> 0.01 | E19: Pcs | F19: 1 karung 100 pcs | G19: Cibadak | H19: 5000 | J19: =D19*H19 -> 50
A20: 7 | B20: DTF | C20: Mix Warna | D20: 1 | E20: Pcs | F20: - | G20: Max Print | H20: 3750 | J20: =D20*H20 -> 3750
A21: Manufaktur
A22: NO | B22: WORK | D22: PEMAKAIAN | E22: UNIT | F22: KET. PEMAKAIAN | G22: VENDOR | H22: ESTIMASI MIN | J22: HARGA / PCS
A23: 1 | B23: Cutting T-Shirt | D23: 1 | E23: Pcs | G23: VML | H23: 750 | J23: =D23*H23 -> 750
A24: 2 | B24: Sablon T-Shirt | D24: 1 | E24: Pcs | G24: VML | H24: 2000 | J24: =D24*H24 -> 2000
A25: 3 | B25: Jahit T-Shirt | D25: 1 | E25: Pcs | G25: VML | H25: 2500 | J25: =D25*H25 -> 2500
A26: 4 | B26: QC T-Shirt | D26: 1 | E26: Pcs | G26: VML | H26: 2000 | J26: =D26*H26 -> 2000

Sheet 17. T-Shirt LS Combed Premium -
B2: T-Shirt L/S Combed Premium - Sablon | C2: Total Harga/Pcs
B3: Bahan | C3: =SUM(J10:J11) -> 39951.429
B4: Aksesoris | C4: =SUM(J14:J20) -> 4328.7
B5: Pekerja | C5: =SUM(J23:J26) -> 7250
B6: Total Biaya Per Pcs | C6: =SUM(C3:D5) -> 51530.129
A8: BAHAN UTAMA
A9: NO | B9: BAHAN | C9: WARNA | D9: PEMAKAIAN | E9: UNIT | F9: KETERANGAN Pemakaian | G9: VENDOR | H9: HARGA ECER | I9: HARGA ROLL | J9: HARGA / PCS
A10: 1 | B10: Cotton Combed Premium | C10: Hitam | D10: =1/3.5 -> 0.28571429 | E10: Kg | F10: 1 kg untuk 3,8 Pcs | G10: CV. Terang Mulia Bandung | H10: 135000 | J10: =D10*H10 -> 38571.429
A11: 2 | B11: Rib Cotton Combed Premium | C11: Hitam | D11: =1/100 -> 0.01 | E11: Kg | F11: 1 Kg untuk 100 Pcs | G11: CV. Terang Mulia Bandung | H11: 138000 | J11: =D11*H11 -> 1380
A12: AKSESORIS
A13: NO | B13: BAHAN | C13: WARNA | D13: PEMAKAIAN | E13: UNIT | F13: KET. PEMAKAIAN | G13: VENDOR | H13: HARGA ECER | I13: HARGA ROLL | J13: HARGA / PCS
A14: 1 | B14: Benang Jahit | C14: Hitam | D14: =5/100 -> 0.05 | E14: Lusin | F14: 1 lusin jadi 100pc | G14: Toko 1001 | H14: 25000 | J14: =D14*H14 -> 1250
A15: 2 | B15: Benang Obras | C15: Hitam | D15: 0 | E15: Cones | F15: 4 cones jadi 120pc | G15: Toko 1001 | H15: 13000 | J15: =D15*H15 -> 0
A16: 3 | B16: Label Size Bordir | C16: Hitam | D16: =1/100 -> 0.01 | E16: Golong | F16: 1 Golong Jadi 100 pc | G16: Toko 1001 | H16: 10000 | J16: =D16*H16 -> 100
A17: 4 | B17: Plastik Opp 30 Micron | C17: Bening | D17: 1 | E17: Pcs | F17: 1 Plastik 1 Pcs | G17: Mapan Plastik | H17: 370 | J17: =D17*H17 -> 370
A18: 5 | B18: Plastik Pp 50x60cm | C18: Bening | D18: =1/10 -> 0.1 | E18: Pcs | F18: 1 Plastik 10 Pcs | G18: Istana Plastik | H18: 587 | J18: =D18*H18 -> 58.7
A19: 6 | B19: Karung | C19: Putih | D19: =1/100 -> 0.01 | E19: Pcs | F19: 1 karung 100 pcs | G19: Cibadak | H19: 5000 | J19: =D19*H19 -> 50
A20: 7 | B20: Cat Sablon Plastisol | C20: Mix Warna | D20: 1 | E20: Pcs | F20: - | G20: Metro SPS | H20: 2500 | J20: =D20*H20 -> 2500
A21: Manufaktur
A22: NO | B22: WORK | D22: PEMAKAIAN | E22: UNIT | F22: KET. PEMAKAIAN | G22: VENDOR | H22: ESTIMASI MIN | J22: HARGA / PCS
A23: 1 | B23: Cutting T-Shirt | D23: 1 | E23: Pcs | G23: VML | H23: 750 | J23: =D23*H23 -> 750
A24: 2 | B24: Sablon T-Shirt | D24: 1 | E24: Pcs | G24: VML | H24: 2000 | J24: =D24*H24 -> 2000
A25: 3 | B25: Jahit T-Shirt | D25: 1 | E25: Pcs | G25: VML | H25: 2500 | J25: =D25*H25 -> 2500
A26: 4 | B26: QC T-Shirt | D26: 1 | E26: Pcs | G26: VML | H26: 2000 | J26: =D26*H26 -> 2000

Sheet 18. T-Shirt LS Combed Reguler -
B2: T-Shirt L/S Combed Reguler - Sablon | C2: Total Harga/Pcs
B3: Bahan | C3: =SUM(J10:J11) -> 34402.857
B4: Aksesoris | C4: =SUM(J14:J20) -> 4328.7
B5: Pekerja | C5: =SUM(J23:J26) -> 7250
B6: Total Biaya Per Pcs | C6: =SUM(C3:D5) -> 45981.557
A8: BAHAN UTAMA
A9: NO | B9: BAHAN | C9: WARNA | D9: PEMAKAIAN | E9: UNIT | F9: KETERANGAN Pemakaian | G9: VENDOR | H9: HARGA ECER | I9: HARGA ROLL | J9: HARGA / PCS
A10: 1 | B10: Cotton Combed Premium | C10: Hitam | D10: =1/3.5 -> 0.28571429 | E10: Kg | F10: 1 kg untuk 3,8 Pcs | G10: Fokus | H10: 116000 | J10: =D10*H10 -> 33142.857
A11: 2 | B11: Rib Cotton Combed Premium | C11: Hitam | D11: =1/100 -> 0.01 | E11: Kg | F11: 1 Kg untuk 100 Pcs | G11: Fokus | H11: 126000 | J11: =D11*H11 -> 1260
A12: AKSESORIS
A13: NO | B13: BAHAN | C13: WARNA | D13: PEMAKAIAN | E13: UNIT | F13: KET. PEMAKAIAN | G13: VENDOR | H13: HARGA ECER | I13: HARGA ROLL | J13: HARGA / PCS
A14: 1 | B14: Benang Jahit | C14: Hitam | D14: =5/100 -> 0.05 | E14: Lusin | F14: 1 lusin jadi 100pc | G14: Toko 1001 | H14: 25000 | J14: =D14*H14 -> 1250
A15: 2 | B15: Benang Obras | C15: Hitam | D15: 0 | E15: Cones | F15: 4 cones jadi 120pc | G15: Toko 1001 | H15: 13000 | J15: =D15*H15 -> 0
A16: 3 | B16: Label Size Bordir | C16: Hitam | D16: =1/100 -> 0.01 | E16: Golong | F16: 1 Golong Jadi 100 pc | G16: Toko 1001 | H16: 10000 | J16: =D16*H16 -> 100
A17: 4 | B17: Plastik Opp 30 Micron | C17: Bening | D17: 1 | E17: Pcs | F17: 1 Plastik 1 Pcs | G17: Mapan Plastik | H17: 370 | J17: =D17*H17 -> 370
A18: 5 | B18: Plastik Pp 50x60cm | C18: Bening | D18: =1/10 -> 0.1 | E18: Pcs | F18: 1 Plastik 10 Pcs | G18: Istana Plastik | H18: 587 | J18: =D18*H18 -> 58.7
A19: 6 | B19: Karung | C19: Putih | D19: =1/100 -> 0.01 | E19: Pcs | F19: 1 karung 100 pcs | G19: Cibadak | H19: 5000 | J19: =D19*H19 -> 50
A20: 7 | B20: Cat Sablon Plastisol | C20: Mix Warna | D20: 1 | E20: Pcs | F20: - | G20: Metro SPS | H20: 2500 | J20: =D20*H20 -> 2500
A21: Manufaktur
A22: NO | B22: WORK | D22: PEMAKAIAN | E22: UNIT | F22: KET. PEMAKAIAN | G22: VENDOR | H22: ESTIMASI MIN | J22: HARGA / PCS
A23: 1 | B23: Cutting T-Shirt | D23: 1 | E23: Pcs | G23: VML | H23: 750 | J23: =D23*H23 -> 750
A24: 2 | B24: Sablon T-Shirt | D24: 1 | E24: Pcs | G24: VML | H24: 2000 | J24: =D24*H24 -> 2000
A25: 3 | B25: Jahit T-Shirt | D25: 1 | E25: Pcs | G25: VML | H25: 2500 | J25: =D25*H25 -> 2500
A26: 4 | B26: QC T-Shirt | D26: 1 | E26: Pcs | G26: VML | H26: 2000 | J26: =D26*H26 -> 2000

Sheet 19. T-Shirt LS Combed Premium -
B2: T-Shirt L/S Combed Premium - DTF | C2: Total Harga/Pcs
B3: Bahan | C3: =SUM(J10:J11) -> 39951.429
B4: Aksesoris | C4: =SUM(J14:J20) -> 5578.7
B5: Pekerja | C5: =SUM(J23:J26) -> 7250
B6: Total Biaya Per Pcs | C6: =SUM(C3:D5) -> 52780.129
A8: BAHAN UTAMA
A9: NO | B9: BAHAN | C9: WARNA | D9: PEMAKAIAN | E9: UNIT | F9: KETERANGAN Pemakaian | G9: VENDOR | H9: HARGA ECER | I9: HARGA ROLL | J9: HARGA / PCS
A10: 1 | B10: Cotton Combed Premium 30s | C10: Hitam | D10: =1/3.5 -> 0.28571429 | E10: Kg | F10: 1 kg untuk 3,8 Pcs | G10: CV. Terang Mulia Bandung | H10: 135000 | J10: =D10*H10 -> 38571.429
A11: 2 | B11: Rib Cotton Combed Premium 30s | C11: Hitam | D11: =1/100 -> 0.01 | E11: Kg | F11: 1 Kg untuk 100 Pcs | G11: CV. Terang Mulia Bandung | H11: 138000 | J11: =D11*H11 -> 1380
A12: AKSESORIS
A13: NO | B13: BAHAN | C13: WARNA | D13: PEMAKAIAN | E13: UNIT | F13: KET. PEMAKAIAN | G13: VENDOR | H13: HARGA ECER | I13: HARGA ROLL | J13: HARGA / PCS
A14: 1 | B14: Benang Jahit | C14: Hitam | D14: =5/100 -> 0.05 | E14: Lusin | F14: 1 lusin jadi 100pc | G14: Toko 1001 | H14: 25000 | J14: =D14*H14 -> 1250
A15: 2 | B15: Benang Obras | C15: Hitam | D15: 0 | E15: Cones | F15: 4 cones jadi 120pc | G15: Toko 1001 | H15: 13000 | J15: =D15*H15 -> 0
A16: 3 | B16: Label Size Bordir | C16: Hitam | D16: =1/100 -> 0.01 | E16: Golong | F16: 1 Golong Jadi 100 pc | G16: Toko 1001 | H16: 10000 | J16: =D16*H16 -> 100
A17: 4 | B17: Plastik Opp 30 Micron | C17: Bening | D17: 1 | E17: Pcs | F17: 1 Plastik 1 Pcs | G17: Mapan Plastik | H17: 370 | J17: =D17*H17 -> 370
A18: 5 | B18: Plastik Pp 50x60cm | C18: Bening | D18: =1/10 -> 0.1 | E18: Pcs | F18: 1 Plastik 10 Pcs | G18: Istana Plastik | H18: 587 | J18: =D18*H18 -> 58.7
A19: 6 | B19: Karung | C19: Putih | D19: =1/100 -> 0.01 | E19: Pcs | F19: 1 karung 100 pcs | G19: Cibadak | H19: 5000 | J19: =D19*H19 -> 50
A20: 7 | B20: DTF | C20: Mix Warna | D20: 1 | E20: Pcs | F20: - | G20: Max Print | H20: 3750 | J20: =D20*H20 -> 3750
A21: Manufaktur
A22: NO | B22: WORK | D22: PEMAKAIAN | E22: UNIT | F22: KET. PEMAKAIAN | G22: VENDOR | H22: ESTIMASI MIN | J22: HARGA / PCS
A23: 1 | B23: Cutting T-Shirt | D23: 1 | E23: Pcs | G23: VML | H23: 750 | J23: =D23*H23 -> 750
A24: 2 | B24: Sablon T-Shirt | D24: 1 | E24: Pcs | G24: VML | H24: 2000 | J24: =D24*H24 -> 2000
A25: 3 | B25: Jahit T-Shirt | D25: 1 | E25: Pcs | G25: VML | H25: 2500 | J25: =D25*H25 -> 2500
A26: 4 | B26: QC T-Shirt | D26: 1 | E26: Pcs | G26: VML | H26: 2000 | J26: =D26*H26 -> 2000

Sheet 20. T-Shirt LS Combed Reguler -
B2: T-Shirt L/S Combed Reguler - DTF | C2: Total Harga/Pcs
B3: Bahan | C3: =SUM(J10:J11) -> 34402.857
B4: Aksesoris | C4: =SUM(J14:J20) -> 5578.7
B5: Pekerja | C5: =SUM(J23:J26) -> 7250
B6: Total Biaya Per Pcs | C6: =SUM(C3:D5) -> 47231.557
A8: BAHAN UTAMA
A9: NO | B9: BAHAN | C9: WARNA | D9: PEMAKAIAN | E9: UNIT | F9: KETERANGAN Pemakaian | G9: VENDOR | H9: HARGA ECER | I9: HARGA ROLL | J9: HARGA / PCS
A10: 1 | B10: Cotton Combed Premium | C10: Hitam | D10: =1/3.5 -> 0.28571429 | E10: Kg | F10: 1 kg untuk 3,8 Pcs | G10: Fokus | H10: 116000 | J10: =D10*H10 -> 33142.857
A11: 2 | B11: Rib Cotton Combed Premium | C11: Hitam | D11: =1/100 -> 0.01 | E11: Kg | F11: 1 Kg untuk 100 Pcs | G11: Fokus | H11: 126000 | J11: =D11*H11 -> 1260
A12: AKSESORIS
A13: NO | B13: BAHAN | C13: WARNA | D13: PEMAKAIAN | E13: UNIT | F13: KET. PEMAKAIAN | G13: VENDOR | H13: HARGA ECER | I13: HARGA ROLL | J13: HARGA / PCS
A14: 1 | B14: Benang Jahit | C14: Hitam | D14: =5/100 -> 0.05 | E14: Lusin | F14: 1 lusin jadi 100pc | G14: Toko 1001 | H14: 25000 | J14: =D14*H14 -> 1250
A15: 2 | B15: Benang Obras | C15: Hitam | D15: 0 | E15: Cones | F15: 4 cones jadi 120pc | G15: Toko 1001 | H15: 13000 | J15: =D15*H15 -> 0
A16: 3 | B16: Label Size Bordir | C16: Hitam | D16: =1/100 -> 0.01 | E16: Golong | F16: 1 Golong Jadi 100 pc | G16: Toko 1001 | H16: 10000 | J16: =D16*H16 -> 100
A17: 4 | B17: Plastik Opp 30 Micron | C17: Bening | D17: 1 | E17: Pcs | F17: 1 Plastik 1 Pcs | G17: Mapan Plastik | H17: 370 | J17: =D17*H17 -> 370
A18: 5 | B18: Plastik Pp 50x60cm | C18: Bening | D18: =1/10 -> 0.1 | E18: Pcs | F18: 1 Plastik 10 Pcs | G18: Istana Plastik | H18: 587 | J18: =D18*H18 -> 58.7
A19: 6 | B19: Karung | C19: Putih | D19: =1/100 -> 0.01 | E19: Pcs | F19: 1 karung 100 pcs | G19: Cibadak | H19: 5000 | J19: =D19*H19 -> 50
A20: 7 | B20: DTF | C20: Mix Warna | D20: 1 | E20: Pcs | F20: - | G20: Max Print | H20: 3750 | J20: =D20*H20 -> 3750
A21: Manufaktur
A22: NO | B22: WORK | D22: PEMAKAIAN | E22: UNIT | F22: KET. PEMAKAIAN | G22: VENDOR | H22: ESTIMASI MIN | J22: HARGA / PCS
A23: 1 | B23: Cutting T-Shirt | D23: 1 | E23: Pcs | G23: VML | H23: 750 | J23: =D23*H23 -> 750
A24: 2 | B24: Sablon T-Shirt | D24: 1 | E24: Pcs | G24: VML | H24: 2000 | J24: =D24*H24 -> 2000
A25: 3 | B25: Jahit T-Shirt | D25: 1 | E25: Pcs | G25: VML | H25: 2500 | J25: =D25*H25 -> 2500
A26: 4 | B26: QC T-Shirt | D26: 1 | E26: Pcs | G26: VML | H26: 2000 | J26: =D26*H26 -> 2000

Sheet 21. T-Shirt Raglan SS Combed Pr
B2: T-Shirt Raglan S/S Combed Premium (3/4)- Sablon | C2: Total Harga/Pcs
B3: Bahan | C3: =SUM(J10:J12) -> 35130
B4: Aksesoris | C4: =SUM(J15:J21) -> 4078.7
B5: Pekerja | C5: =SUM(J24:J27) -> 7550
B6: Total Biaya Per Pcs | C6: =SUM(C3:D5) -> 46758.7
A8: BAHAN UTAMA
A9: NO | B9: BAHAN | C9: WARNA | D9: PEMAKAIAN | E9: UNIT | F9: KETERANGAN Pemakaian | G9: VENDOR | H9: HARGA ECER | I9: HARGA ROLL | J9: HARGA / PCS
A10: 1 | B10: Cotton Combed Premium Badan | C10: Hitam | D10: =1/6 -> 0.16666667 | E10: Kg | F10: 1 kg 6 Pc badan | G10: CV. Terang Mulia Bandung | H10: 135000 | J10: =D10*H10 -> 22500
A11: 2 | B11: Rib Cotton Combed Premium | C11: Hitam | D11: =1/100 -> 0.01 | E11: Kg | F11: 1 kg untuk 100 Pc | G11: CV. Terang Mulia Bandung | H11: 138000 | J11: =D11*H11 -> 1380
A12: 3 | B12: Cotton Combed Premium Badan | C12: Hitam | D12: =1/12 -> 0.083333333 | E12: kg | F12: 1 kg untuk 12 Pc (3/4) | G12: CV. Terang Mulia Bandung | H12: 135000 | J12: =D12*H12 -> 11250
A13: AKSESORIS
A14: NO | B14: BAHAN | C14: WARNA | D14: PEMAKAIAN | E14: UNIT | F14: KET. PEMAKAIAN | G14: VENDOR | H14: HARGA ECER | I14: HARGA ROLL | J14: HARGA / PCS
A15: 1 | B15: Benang Jahit | C15: Hitam | D15: =4/100 -> 0.04 | E15: Lusin | F15: 1 lusin jadi 100pc | G15: Toko 1001 | H15: 25000 | J15: =D15*H15 -> 1000
A16: 2 | B16: Benang Obras | C16: Hitam | D16: 0 | E16: Cones | F16: 4 cones jadi 120pc | G16: Toko 1001 | H16: 13000 | J16: =D16*H16 -> 0
A17: 3 | B17: Label Size Bordir | C17: Hitam | D17: =1/100 -> 0.01 | E17: Golong | F17: 1 Golong Jadi 100 pc | G17: Toko 1001 | H17: 10000 | J17: =D17*H17 -> 100
A18: 4 | B18: Plastik Opp 30 Micron | C18: Bening | D18: 1 | E18: Pcs | F18: 1 Plastik 1 Pcs | G18: Mapan Plastik | H18: 370 | J18: =D18*H18 -> 370
A19: 5 | B19: Plastik Pp 50x60cm | C19: Bening | D19: =1/10 -> 0.1 | E19: Pcs | F19: 1 Plastik 10 Pcs | G19: Istana Plastik | H19: 587 | J19: =D19*H19 -> 58.7
A20: 6 | B20: Karung | C20: Putih | D20: =1/100 -> 0.01 | E20: Pcs | F20: 1 karung 100 pcs | G20: Cibadak | H20: 5000 | J20: =D20*H20 -> 50
A21: 7 | B21: Cat Sablon Plastisol | C21: Mix Warna | D21: 1 | E21: Pcs | F21: - | G21: Metro SPS | H21: 2500 | J21: =D21*H21 -> 2500
A22: Manufaktur
A23: NO | B23: WORK | D23: PEMAKAIAN | E23: UNIT | F23: KET. PEMAKAIAN | G23: VENDOR | H23: ESTIMASI MIN | J23: HARGA / PCS
A24: 1 | B24: Cutting T-Shirt | D24: 1 | E24: Pcs | G24: VML | H24: 750 | J24: =D24*H24 -> 750
A25: 2 | B25: Sablon T-Shirt | D25: 1 | E25: Pcs | G25: VML | H25: 2000 | J25: =D25*H25 -> 2000
A26: 3 | B26: Jahit T-Shirt | D26: 1 | E26: Pcs | G26: VML | H26: 2800 | J26: =D26*H26 -> 2800
A27: 4 | B27: QC T-Shirt | D27: 1 | E27: Pcs | G27: VML | H27: 2000 | J27: =D27*H27 -> 2000

Sheet 22. T-Shirt Raglan SS Combed Re
B2: T-Shirt Raglan S/S Combed Premium (3/4)- Sablon | C2: Total Harga/Pcs
B3: Bahan | C3: =SUM(J10:J12) -> 30780
B4: Aksesoris | C4: =SUM(J15:J21) -> 4078.7
B5: Pekerja | C5: =SUM(J24:J27) -> 7250
B6: Total Biaya Per Pcs | C6: =SUM(C3:D5) -> 42108.7
A8: BAHAN UTAMA
A9: NO | B9: BAHAN | C9: WARNA | D9: PEMAKAIAN | E9: UNIT | F9: KETERANGAN Pemakaian | G9: VENDOR | H9: HARGA ECER | I9: HARGA ROLL | J9: HARGA / PCS
A10: 1 | B10: Cotton Combed Premium Badan | C10: Hitam | D10: =1/6 -> 0.16666667 | E10: Kg | F10: 1 kg 6 Pc badan | G10: Fokus | H10: 118000 | J10: =D10*H10 -> 19666.667
A11: 2 | B11: Rib Cotton Combed Premium | C11: Hitam | D11: =1/100 -> 0.01 | E11: Kg | F11: 1 kg untuk 100 Pc | G11: Fokus | H11: 128000 | J11: =D11*H11 -> 1280
A12: 3 | B12: Cotton Combed Premium Badan | C12: Hitam | D12: =1/12 -> 0.083333333 | E12: kg | F12: 1 kg untuk 12 Pc (3/4) | G12: Fokus | H12: 118000 | J12: =D12*H12 -> 9833.3333
A13: AKSESORIS
A14: NO | B14: BAHAN | C14: WARNA | D14: PEMAKAIAN | E14: UNIT | F14: KET. PEMAKAIAN | G14: VENDOR | H14: HARGA ECER | I14: HARGA ROLL | J14: HARGA / PCS
A15: 1 | B15: Benang Jahit | C15: Hitam | D15: =4/100 -> 0.04 | E15: Lusin | F15: 1 lusin jadi 100pc | G15: Toko 1001 | H15: 25000 | J15: =D15*H15 -> 1000
A16: 2 | B16: Benang Obras | C16: Hitam | D16: 0 | E16: Cones | F16: 4 cones jadi 120pc | G16: Toko 1001 | H16: 13000 | J16: =D16*H16 -> 0
A17: 3 | B17: Label Size Bordir | C17: Hitam | D17: =1/100 -> 0.01 | E17: Golong | F17: 1 Golong Jadi 100 pc | G17: Toko 1001 | H17: 10000 | J17: =D17*H17 -> 100
A18: 4 | B18: Plastik Opp 30 Micron | C18: Bening | D18: 1 | E18: Pcs | F18: 1 Plastik 1 Pcs | G18: Mapan Plastik | H18: 370 | J18: =D18*H18 -> 370
A19: 5 | B19: Plastik Pp 50x60cm | C19: Bening | D19: =1/10 -> 0.1 | E19: Pcs | F19: 1 Plastik 10 Pcs | G19: Istana Plastik | H19: 587 | J19: =D19*H19 -> 58.7
A20: 6 | B20: Karung | C20: Putih | D20: =1/100 -> 0.01 | E20: Pcs | F20: 1 karung 100 pcs | G20: Cibadak | H20: 5000 | J20: =D20*H20 -> 50
A21: 7 | B21: Cat Sablon Plastisol | C21: Mix Warna | D21: 1 | E21: Pcs | F21: - | G21: Metro SPS | H21: 2500 | J21: =D21*H21 -> 2500
A22: Manufaktur
A23: NO | B23: WORK | D23: PEMAKAIAN | E23: UNIT | F23: KET. PEMAKAIAN | G23: VENDOR | H23: ESTIMASI MIN | J23: HARGA / PCS
A24: 1 | B24: Cutting T-Shirt | D24: 1 | E24: Pcs | G24: VML | H24: 750 | J24: =D24*H24 -> 750
A25: 2 | B25: Sablon T-Shirt | D25: 1 | E25: Pcs | G25: VML | H25: 2000 | J25: =D25*H25 -> 2000
A26: 3 | B26: Jahit T-Shirt | D26: 1 | E26: Pcs | G26: VML | H26: 2500 | J26: =D26*H26 -> 2500
A27: 4 | B27: QC T-Shirt | D27: 1 | E27: Pcs | G27: VML | H27: 2000 | J27: =D27*H27 -> 2000

Sheet 23. T-Shirt Raglan SS Combed Pr
B2: T-Shirt Raglan S/S Combed Premium (3/4)- DTF | C2: Total Harga/Pcs
B3: Bahan | C3: =SUM(J10:J12) -> 35130
B4: Aksesoris | C4: =SUM(J15:J21) -> 5328.7
B5: Pekerja | C5: =SUM(J24:J27) -> 7250
B6: Total Biaya Per Pcs | C6: =SUM(C3:D5) -> 47708.7
A8: BAHAN UTAMA
A9: NO | B9: BAHAN | C9: WARNA | D9: PEMAKAIAN | E9: UNIT | F9: KETERANGAN Pemakaian | G9: VENDOR | H9: HARGA ECER | I9: HARGA ROLL | J9: HARGA / PCS
A10: 1 | B10: Cotton Combed Premium Badan | C10: Hitam | D10: =1/6 -> 0.16666667 | E10: Kg | F10: 1 kg 6 Pc badan | G10: CV. Terang Mulia Bandung | H10: 135000 | J10: =D10*H10 -> 22500
A11: 2 | B11: Rib Cotton Combed Premium | C11: Hitam | D11: =1/100 -> 0.01 | E11: Kg | F11: 1 kg untuk 100 Pc | G11: CV. Terang Mulia Bandung | H11: 138000 | J11: =D11*H11 -> 1380
A12: 3 | B12: Cotton Combed Premium Badan | C12: Hitam | D12: =1/12 -> 0.083333333 | E12: kg | F12: 1 kg untuk 12 Pc (3/4) | G12: CV. Terang Mulia Bandung | H12: 135000 | J12: =D12*H12 -> 11250
A13: AKSESORIS
A14: NO | B14: BAHAN | C14: WARNA | D14: PEMAKAIAN | E14: UNIT | F14: KET. PEMAKAIAN | G14: VENDOR | H14: HARGA ECER | I14: HARGA ROLL | J14: HARGA / PCS
A15: 1 | B15: Benang Jahit | C15: Hitam | D15: =4/100 -> 0.04 | E15: Lusin | F15: 1 lusin jadi 100pc | G15: Toko 1001 | H15: 25000 | J15: =D15*H15 -> 1000
A16: 2 | B16: Benang Obras | C16: Hitam | D16: 0 | E16: Cones | F16: 4 cones jadi 120pc | G16: Toko 1001 | H16: 13000 | J16: =D16*H16 -> 0
A17: 3 | B17: Label Size Bordir | C17: Hitam | D17: =1/100 -> 0.01 | E17: Golong | F17: 1 Golong Jadi 100 pc | G17: Toko 1001 | H17: 10000 | J17: =D17*H17 -> 100
A18: 4 | B18: Plastik Opp 30 Micron | C18: Bening | D18: 1 | E18: Pcs | F18: 1 Plastik 1 Pcs | G18: Mapan Plastik | H18: 370 | J18: =D18*H18 -> 370
A19: 5 | B19: Plastik Pp 50x60cm | C19: Bening | D19: =1/10 -> 0.1 | E19: Pcs | F19: 1 Plastik 10 Pcs | G19: Istana Plastik | H19: 587 | J19: =D19*H19 -> 58.7
A20: 6 | B20: Karung | C20: Putih | D20: =1/100 -> 0.01 | E20: Pcs | F20: 1 karung 100 pcs | G20: Cibadak | H20: 5000 | J20: =D20*H20 -> 50
A21: 7 | B21: DTF | C21: Mix Warna | D21: 1 | E21: Pcs | F21: - | G21: Max Print | H21: 3750 | J21: =D21*H21 -> 3750
A22: Manufaktur
A23: NO | B23: WORK | D23: PEMAKAIAN | E23: UNIT | F23: KET. PEMAKAIAN | G23: VENDOR | H23: ESTIMASI MIN | J23: HARGA / PCS
A24: 1 | B24: Cutting T-Shirt | D24: 1 | E24: Pcs | G24: VML | H24: 750 | J24: =D24*H24 -> 750
A25: 2 | B25: Sablon T-Shirt | D25: 1 | E25: Pcs | G25: VML | H25: 2000 | J25: =D25*H25 -> 2000
A26: 3 | B26: Jahit T-Shirt | D26: 1 | E26: Pcs | G26: VML | H26: 2500 | J26: =D26*H26 -> 2500
A27: 4 | B27: QC T-Shirt | D27: 1 | E27: Pcs | G27: VML | H27: 2000 | J27: =D27*H27 -> 2000

Sheet 24. T-Shirt Raglan SS Combed Re
B2: T-Shirt Raglan S/S Combed reguler (3/4)- Sablon | C2: Total Harga/Pcs
B3: Bahan | C3: =SUM(J10:J12) -> 30780
B4: Aksesoris | C4: =SUM(J15:J21) -> 5328.7
B5: Pekerja | C5: =SUM(J24:J27) -> 7250
B6: Total Biaya Per Pcs | C6: =SUM(C3:D5) -> 43358.7
A8: BAHAN UTAMA
A9: NO | B9: BAHAN | C9: WARNA | D9: PEMAKAIAN | E9: UNIT | F9: KETERANGAN Pemakaian | G9: VENDOR | H9: HARGA ECER | I9: HARGA ROLL | J9: HARGA / PCS
A10: 1 | B10: Cotton Combed Premium Badan | C10: Hitam | D10: =1/6 -> 0.16666667 | E10: Kg | F10: 1 kg 6 Pc badan | G10: Fokus | H10: 118000 | J10: =D10*H10 -> 19666.667
A11: 2 | B11: Rib Cotton Combed Premium | C11: Hitam | D11: =1/100 -> 0.01 | E11: Kg | F11: 1 kg untuk 100 Pc | G11: Fokus | H11: 128000 | J11: =D11*H11 -> 1280
A12: 3 | B12: Cotton Combed Premium Badan | C12: Hitam | D12: =1/12 -> 0.083333333 | E12: kg | F12: 1 kg untuk 12 Pc (3/4) | G12: Fokus | H12: 118000 | J12: =D12*H12 -> 9833.3333
A13: AKSESORIS
A14: NO | B14: BAHAN | C14: WARNA | D14: PEMAKAIAN | E14: UNIT | F14: KET. PEMAKAIAN | G14: VENDOR | H14: HARGA ECER | I14: HARGA ROLL | J14: HARGA / PCS
A15: 1 | B15: Benang Jahit | C15: Hitam | D15: =4/100 -> 0.04 | E15: Lusin | F15: 1 lusin jadi 100pc | G15: Toko 1001 | H15: 25000 | J15: =D15*H15 -> 1000
A16: 2 | B16: Benang Obras | C16: Hitam | D16: 0 | E16: Cones | F16: 4 cones jadi 120pc | G16: Toko 1001 | H16: 13000 | J16: =D16*H16 -> 0
A17: 3 | B17: Label Size Bordir | C17: Hitam | D17: =1/100 -> 0.01 | E17: Golong | F17: 1 Golong Jadi 100 pc | G17: Toko 1001 | H17: 10000 | J17: =D17*H17 -> 100
A18: 4 | B18: Plastik Opp 30 Micron | C18: Bening | D18: 1 | E18: Pcs | F18: 1 Plastik 1 Pcs | G18: Mapan Plastik | H18: 370 | J18: =D18*H18 -> 370
A19: 5 | B19: Plastik Pp 50x60cm | C19: Bening | D19: =1/10 -> 0.1 | E19: Pcs | F19: 1 Plastik 10 Pcs | G19: Istana Plastik | H19: 587 | J19: =D19*H19 -> 58.7
A20: 6 | B20: Karung | C20: Putih | D20: =1/100 -> 0.01 | E20: Pcs | F20: 1 karung 100 pcs | G20: Cibadak | H20: 5000 | J20: =D20*H20 -> 50
A21: 7 | B21: DTF | C21: Mix Warna | D21: 1 | E21: Pcs | F21: - | G21: Max Print | H21: 3750 | J21: =D21*H21 -> 3750
A22: Manufaktur
A23: NO | B23: WORK | D23: PEMAKAIAN | E23: UNIT | F23: KET. PEMAKAIAN | G23: VENDOR | H23: ESTIMASI MIN | J23: HARGA / PCS
A24: 1 | B24: Cutting T-Shirt | D24: 1 | E24: Pcs | G24: VML | H24: 750 | J24: =D24*H24 -> 750
A25: 2 | B25: Sablon T-Shirt | D25: 1 | E25: Pcs | G25: VML | H25: 2000 | J25: =D25*H25 -> 2000
A26: 3 | B26: Jahit T-Shirt | D26: 1 | E26: Pcs | G26: VML | H26: 2500 | J26: =D26*H26 -> 2500
A27: 4 | B27: QC T-Shirt | D27: 1 | E27: Pcs | G27: VML | H27: 2000 | J27: =D27*H27 -> 2000

Sheet 25. T-Shirt Raglan LS Combed Pr
B2: T-Shirt Raglan L/S Combed Premium - Sablon | C2: Total Harga/Pcs
B3: Bahan | C3: =SUM(J10:J12) -> 39762.353
B4: Aksesoris | C4: =SUM(J15:J21) -> 4078.7
B5: Pekerja | C5: =SUM(J24:J27) -> 7250
B6: Total Biaya Per Pcs | C6: =SUM(C3:D5) -> 51091.053
A8: BAHAN UTAMA
A9: NO | B9: BAHAN | C9: WARNA | D9: PEMAKAIAN | E9: UNIT | F9: KETERANGAN Pemakaian | G9: VENDOR | H9: HARGA ECER | I9: HARGA ROLL | J9: HARGA / PCS
A10: 1 | B10: Cotton Combed Premium Badan | C10: Hitam | D10: =1/6 -> 0.16666667 | E10: Kg | F10: 1 kg 6 Pc badan | G10: CV. Terang Mulia Bandung | H10: 135000 | J10: =D10*H10 -> 22500
A11: 2 | B11: Rib Cotton Combed Premium | C11: Hitam | D11: =1/100 -> 0.01 | E11: Kg | F11: 1 kg untuk 100 Pc | G11: CV. Terang Mulia Bandung | H11: 138000 | J11: =D11*H11 -> 1380
A12: 3 | B12: Cotton Combed Premium Badan | C12: Hitam | D12: =1/8.5 -> 0.11764706 | E12: kg | F12: 1 kg untuk 8.5 Pc | G12: CV. Terang Mulia Bandung | H12: 135000 | J12: =D12*H12 -> 15882.353
A13: AKSESORIS
A14: NO | B14: BAHAN | C14: WARNA | D14: PEMAKAIAN | E14: UNIT | F14: KET. PEMAKAIAN | G14: VENDOR | H14: HARGA ECER | I14: HARGA ROLL | J14: HARGA / PCS
A15: 1 | B15: Benang Jahit | C15: Hitam | D15: =4/100 -> 0.04 | E15: Lusin | F15: 1 lusin jadi 100pc | G15: Toko 1001 | H15: 25000 | J15: =D15*H15 -> 1000
A16: 2 | B16: Benang Obras | C16: Hitam | D16: 0 | E16: Cones | F16: 4 cones jadi 120pc | G16: Toko 1001 | H16: 13000 | J16: =D16*H16 -> 0
A17: 3 | B17: Label Size Bordir | C17: Hitam | D17: =1/100 -> 0.01 | E17: Golong | F17: 1 Golong Jadi 100 pc | G17: Toko 1001 | H17: 10000 | J17: =D17*H17 -> 100
A18: 4 | B18: Plastik Opp 30 Micron | C18: Bening | D18: 1 | E18: Pcs | F18: 1 Plastik 1 Pcs | G18: Mapan Plastik | H18: 370 | J18: =D18*H18 -> 370
A19: 5 | B19: Plastik Pp 50x60cm | C19: Bening | D19: =1/10 -> 0.1 | E19: Pcs | F19: 1 Plastik 10 Pcs | G19: Istana Plastik | H19: 587 | J19: =D19*H19 -> 58.7
A20: 6 | B20: Karung | C20: Putih | D20: =1/100 -> 0.01 | E20: Pcs | F20: 1 karung 100 pcs | G20: Cibadak | H20: 5000 | J20: =D20*H20 -> 50
A21: 7 | B21: Cat Sablon Plastisol | C21: Mix Warna | D21: 1 | E21: Pcs | F21: - | G21: Metro SPS | H21: 2500 | J21: =D21*H21 -> 2500
A22: Manufaktur
A23: NO | B23: WORK | D23: PEMAKAIAN | E23: UNIT | F23: KET. PEMAKAIAN | G23: VENDOR | H23: ESTIMASI MIN | J23: HARGA / PCS
A24: 1 | B24: Cutting T-Shirt | D24: 1 | E24: Pcs | G24: VML | H24: 750 | J24: =D24*H24 -> 750
A25: 2 | B25: Sablon T-Shirt | D25: 1 | E25: Pcs | G25: VML | H25: 2000 | J25: =D25*H25 -> 2000
A26: 3 | B26: Jahit T-Shirt | D26: 1 | E26: Pcs | G26: VML | H26: 2500 | J26: =D26*H26 -> 2500
A27: 4 | B27: QC T-Shirt | D27: 1 | E27: Pcs | G27: VML | H27: 2000 | J27: =D27*H27 -> 2000

Sheet 26. T-Shirt Raglan LS Combed Re
B2: T-Shirt Raglan L/S Combed Reguler - Sablon | C2: Total Harga/Pcs
B3: Bahan | C3: =SUM(J10:J12) -> 35696.667
B4: Aksesoris | C4: =SUM(J15:J21) -> 4078.7
B5: Pekerja | C5: =SUM(J24:J27) -> 7250
B6: Total Biaya Per Pcs | C6: =SUM(C3:D5) -> 47025.367
A8: BAHAN UTAMA
A9: NO | B9: BAHAN | C9: WARNA | D9: PEMAKAIAN | E9: UNIT | F9: KETERANGAN Pemakaian | G9: VENDOR | H9: HARGA ECER | I9: HARGA ROLL | J9: HARGA / PCS
A10: 1 | B10: Cotton Combed Premium Badan | C10: Hitam | D10: =1/6 -> 0.16666667 | E10: Kg | F10: 1 kg 6 Pc badan | G10: Fokus | H10: 118000 | J10: =D10*H10 -> 19666.667
A11: 2 | B11: Rib Cotton Combed Premium | C11: Hitam | D11: =1/100 -> 0.01 | E11: Kg | F11: 1 kg untuk 100 Pc | G11: Fokus | H11: 128000 | J11: =D11*H11 -> 1280
A12: 3 | B12: Cotton Combed Premium Badan | C12: Hitam | D12: =1/8 -> 0.125 | E12: kg | F12: 1 kg untuk 8.5 Pc | G12: Fokus | H12: 118000 | J12: =D12*H12 -> 14750
A13: AKSESORIS
A14: NO | B14: BAHAN | C14: WARNA | D14: PEMAKAIAN | E14: UNIT | F14: KET. PEMAKAIAN | G14: VENDOR | H14: HARGA ECER | I14: HARGA ROLL | J14: HARGA / PCS
A15: 1 | B15: Benang Jahit | C15: Hitam | D15: =4/100 -> 0.04 | E15: Lusin | F15: 1 lusin jadi 100pc | G15: Toko 1001 | H15: 25000 | J15: =D15*H15 -> 1000
A16: 2 | B16: Benang Obras | C16: Hitam | D16: 0 | E16: Cones | F16: 4 cones jadi 120pc | G16: Toko 1001 | H16: 13000 | J16: =D16*H16 -> 0
A17: 3 | B17: Label Size Bordir | C17: Hitam | D17: =1/100 -> 0.01 | E17: Golong | F17: 1 Golong Jadi 100 pc | G17: Toko 1001 | H17: 10000 | J17: =D17*H17 -> 100
A18: 4 | B18: Plastik Opp 30 Micron | C18: Bening | D18: 1 | E18: Pcs | F18: 1 Plastik 1 Pcs | G18: Mapan Plastik | H18: 370 | J18: =D18*H18 -> 370
A19: 5 | B19: Plastik Pp 50x60cm | C19: Bening | D19: =1/10 -> 0.1 | E19: Pcs | F19: 1 Plastik 10 Pcs | G19: Istana Plastik | H19: 587 | J19: =D19*H19 -> 58.7
A20: 6 | B20: Karung | C20: Putih | D20: =1/100 -> 0.01 | E20: Pcs | F20: 1 karung 100 pcs | G20: Cibadak | H20: 5000 | J20: =D20*H20 -> 50
A21: 7 | B21: Cat Sablon Plastisol | C21: Mix Warna | D21: 1 | E21: Pcs | F21: - | G21: Metro SPS | H21: 2500 | J21: =D21*H21 -> 2500
A22: Manufaktur
A23: NO | B23: WORK | D23: PEMAKAIAN | E23: UNIT | F23: KET. PEMAKAIAN | G23: VENDOR | H23: ESTIMASI MIN | J23: HARGA / PCS
A24: 1 | B24: Cutting T-Shirt | D24: 1 | E24: Pcs | G24: VML | H24: 750 | J24: =D24*H24 -> 750
A25: 2 | B25: Sablon T-Shirt | D25: 1 | E25: Pcs | G25: VML | H25: 2000 | J25: =D25*H25 -> 2000
A26: 3 | B26: Jahit T-Shirt | D26: 1 | E26: Pcs | G26: VML | H26: 2500 | J26: =D26*H26 -> 2500
A27: 4 | B27: QC T-Shirt | D27: 1 | E27: Pcs | G27: VML | H27: 2000 | J27: =D27*H27 -> 2000

Sheet 27. T-Shirt Raglan LS Combed Pr
B2: T-Shirt Raglan L/S Combed Premium - DTF | C2: Total Harga/Pcs
B3: Bahan | C3: =SUM(J10:J12) -> 40755
B4: Aksesoris | C4: =SUM(J15:J21) -> 5328.7
B5: Pekerja | C5: =SUM(J24:J27) -> 7250
B6: Total Biaya Per Pcs | C6: =SUM(C3:D5) -> 53333.7
A8: BAHAN UTAMA
A9: NO | B9: BAHAN | C9: WARNA | D9: PEMAKAIAN | E9: UNIT | F9: KETERANGAN Pemakaian | G9: VENDOR | H9: HARGA ECER | I9: HARGA ROLL | J9: HARGA / PCS
A10: 1 | B10: Cotton Combed Premium Badan | C10: Hitam | D10: =1/6 -> 0.16666667 | E10: Kg | F10: 1 kg 6 Pc badan | G10: CV. Terang Mulia Bandung | H10: 135000 | J10: =D10*H10 -> 22500
A11: 2 | B11: Rib Cotton Combed Premium | C11: Hitam | D11: =1/100 -> 0.01 | E11: Kg | F11: 1 kg untuk 100 Pc | G11: CV. Terang Mulia Bandung | H11: 138000 | J11: =D11*H11 -> 1380
A12: 3 | B12: Cotton Combed Premium Badan | C12: Hitam | D12: =1/8 -> 0.125 | E12: kg | F12: 1 kg untuk 8 Pc | G12: CV. Terang Mulia Bandung | H12: 135000 | J12: =D12*H12 -> 16875
A13: AKSESORIS
A14: NO | B14: BAHAN | C14: WARNA | D14: PEMAKAIAN | E14: UNIT | F14: KET. PEMAKAIAN | G14: VENDOR | H14: HARGA ECER | I14: HARGA ROLL | J14: HARGA / PCS
A15: 1 | B15: Benang Jahit | C15: Hitam | D15: =4/100 -> 0.04 | E15: Lusin | F15: 1 lusin jadi 100pc | G15: Toko 1001 | H15: 25000 | J15: =D15*H15 -> 1000
A16: 2 | B16: Benang Obras | C16: Hitam | D16: 0 | E16: Cones | F16: 4 cones jadi 120pc | G16: Toko 1001 | H16: 13000 | J16: =D16*H16 -> 0
A17: 3 | B17: Label Size Bordir | C17: Hitam | D17: =1/100 -> 0.01 | E17: Golong | F17: 1 Golong Jadi 100 pc | G17: Toko 1001 | H17: 10000 | J17: =D17*H17 -> 100
A18: 4 | B18: Plastik Opp 30 Micron | C18: Bening | D18: 1 | E18: Pcs | F18: 1 Plastik 1 Pcs | G18: Mapan Plastik | H18: 370 | J18: =D18*H18 -> 370
A19: 5 | B19: Plastik Pp 50x60cm | C19: Bening | D19: =1/10 -> 0.1 | E19: Pcs | F19: 1 Plastik 10 Pcs | G19: Istana Plastik | H19: 587 | J19: =D19*H19 -> 58.7
A20: 6 | B20: Karung | C20: Putih | D20: =1/100 -> 0.01 | E20: Pcs | F20: 1 karung 100 pcs | G20: Cibadak | H20: 5000 | J20: =D20*H20 -> 50
A21: 7 | B21: DTF | C21: Mix Warna | D21: 1 | E21: Pcs | F21: - | G21: Max Print | H21: 3750 | J21: =D21*H21 -> 3750
A22: Manufaktur
A23: NO | B23: WORK | D23: PEMAKAIAN | E23: UNIT | F23: KET. PEMAKAIAN | G23: VENDOR | H23: ESTIMASI MIN | J23: HARGA / PCS
A24: 1 | B24: Cutting T-Shirt | D24: 1 | E24: Pcs | G24: VML | H24: 750 | J24: =D24*H24 -> 750
A25: 2 | B25: Sablon T-Shirt | D25: 1 | E25: Pcs | G25: VML | H25: 2000 | J25: =D25*H25 -> 2000
A26: 3 | B26: Jahit T-Shirt | D26: 1 | E26: Pcs | G26: VML | H26: 2500 | J26: =D26*H26 -> 2500
A27: 4 | B27: QC T-Shirt | D27: 1 | E27: Pcs | G27: VML | H27: 2000 | J27: =D27*H27 -> 2000

Sheet 28. T-Shirt Raglan LS Combed Re
B2: T-Shirt Raglan L/S Combed Reguler - DTF | C2: Total Harga/Pcs
B3: Bahan | C3: =SUM(J10:J12) -> 35696.667
B4: Aksesoris | C4: =SUM(J15:J21) -> 5328.7
B5: Pekerja | C5: =SUM(J24:J27) -> 7250
B6: Total Biaya Per Pcs | C6: =SUM(C3:D5) -> 48275.367
A8: BAHAN UTAMA
A9: NO | B9: BAHAN | C9: WARNA | D9: PEMAKAIAN | E9: UNIT | F9: KETERANGAN Pemakaian | G9: VENDOR | H9: HARGA ECER | I9: HARGA ROLL | J9: HARGA / PCS
A10: 1 | B10: Cotton Combed Premium Badan | C10: Hitam | D10: =1/6 -> 0.16666667 | E10: Kg | F10: 1 kg 6 Pc badan | G10: Fokus | H10: 118000 | J10: =D10*H10 -> 19666.667
A11: 2 | B11: Rib Cotton Combed Premium | C11: Hitam | D11: =1/100 -> 0.01 | E11: Kg | F11: 1 kg untuk 100 Pc | G11: Fokus | H11: 128000 | J11: =D11*H11 -> 1280
A12: 3 | B12: Cotton Combed Premium Badan | C12: Hitam | D12: =1/8 -> 0.125 | E12: kg | F12: 1 kg untuk 8 Pc | G12: Fokus | H12: 118000 | J12: =D12*H12 -> 14750
A13: AKSESORIS
A14: NO | B14: BAHAN | C14: WARNA | D14: PEMAKAIAN | E14: UNIT | F14: KET. PEMAKAIAN | G14: VENDOR | H14: HARGA ECER | I14: HARGA ROLL | J14: HARGA / PCS
A15: 1 | B15: Benang Jahit | C15: Hitam | D15: =4/100 -> 0.04 | E15: Lusin | F15: 1 lusin jadi 100pc | G15: Toko 1001 | H15: 25000 | J15: =D15*H15 -> 1000
A16: 2 | B16: Benang Obras | C16: Hitam | D16: 0 | E16: Cones | F16: 4 cones jadi 120pc | G16: Toko 1001 | H16: 13000 | J16: =D16*H16 -> 0
A17: 3 | B17: Label Size Bordir | C17: Hitam | D17: =1/100 -> 0.01 | E17: Golong | F17: 1 Golong Jadi 100 pc | G17: Toko 1001 | H17: 10000 | J17: =D17*H17 -> 100
A18: 4 | B18: Plastik Opp 30 Micron | C18: Bening | D18: 1 | E18: Pcs | F18: 1 Plastik 1 Pcs | G18: Mapan Plastik | H18: 370 | J18: =D18*H18 -> 370
A19: 5 | B19: Plastik Pp 50x60cm | C19: Bening | D19: =1/10 -> 0.1 | E19: Pcs | F19: 1 Plastik 10 Pcs | G19: Istana Plastik | H19: 587 | J19: =D19*H19 -> 58.7
A20: 6 | B20: Karung | C20: Putih | D20: =1/100 -> 0.01 | E20: Pcs | F20: 1 karung 100 pcs | G20: Cibadak | H20: 5000 | J20: =D20*H20 -> 50
A21: 7 | B21: DTF | C21: Mix Warna | D21: 1 | E21: Pcs | F21: - | G21: Max Print | H21: 3750 | J21: =D21*H21 -> 3750
A22: Manufaktur
A23: NO | B23: WORK | D23: PEMAKAIAN | E23: UNIT | F23: KET. PEMAKAIAN | G23: VENDOR | H23: ESTIMASI MIN | J23: HARGA / PCS
A24: 1 | B24: Cutting T-Shirt | D24: 1 | E24: Pcs | G24: VML | H24: 750 | J24: =D24*H24 -> 750
A25: 2 | B25: Sablon T-Shirt | D25: 1 | E25: Pcs | G25: VML | H25: 2000 | J25: =D25*H25 -> 2000
A26: 3 | B26: Jahit T-Shirt | D26: 1 | E26: Pcs | G26: VML | H26: 2500 | J26: =D26*H26 -> 2500
A27: 4 | B27: QC T-Shirt | D27: 1 | E27: Pcs | G27: VML | H27: 2000 | J27: =D27*H27 -> 2000

Sheet 29. Polo Poli Single SS - Sablo
B2: Polo Poli Single S/S - Sablon | C2: Total Harga/Pcs
B3: Bahan | C3: =SUM(J10:J11) -> 24142.857
B4: Aksesoris | C4: =SUM(J14:J20) -> 3762.0333
B5: Pekerja | C5: =SUM(J23:J26) -> 10250
B6: Total Biaya Per Pcs | C6: =SUM(C3:D5) -> 38154.89
A8: BAHAN UTAMA
A9: NO | B9: BAHAN | C9: WARNA | D9: PEMAKAIAN | E9: UNIT | F9: KETERANGAN Pemakaian | G9: VENDOR | H9: HARGA ECER | I9: HARGA ROLL | J9: HARGA / PCS
A10: 1 | B10: Lacoste Pique PE | C10: Hitam | D10: =1/3.5 -> 0.28571429 | E10: Kg | F10: 1 kg 3.5 Pc | G10: Subur Makmur | H10: 60000 | J10: =D10*H10 -> 17142.857
A11: 2 | B11: Kragh Manset | C11: Hitam | D11: 1 | E11: set | G11: Subur Makmur | H11: 7000 | J11: =D11*H11 -> 7000
A12: AKSESORIS
A13: NO | B13: BAHAN | C13: WARNA | D13: PEMAKAIAN | E13: UNIT | F13: KET. PEMAKAIAN | G13: VENDOR | H13: HARGA ECER | I13: HARGA ROLL | J13: HARGA / PCS
A14: 1 | B14: Benang Jahit | C14: Hitam | D14: =1/100 -> 0.01 | E14: Lusin | F14: 1 lusin jadi 100pc | G14: Toko 1001 | H14: 25000 | J14: =D14*H14 -> 250
A15: 2 | B15: Benang Obras | C15: Hitam | D15: =4/120 -> 0.033333333 | E15: Cones | F15: 4 cones jadi 120pc | G15: Toko 1001 | H15: 13000 | J15: =D15*H15 -> 433.33333
A16: 3 | B16: Label Size Bordir | C16: Hitam | D16: =1/100 -> 0.01 | E16: Golong | F16: 1 Golong Jadi 100 pc | G16: Toko 1001 | H16: 10000 | J16: =D16*H16 -> 100
A17: 4 | B17: Plastik Opp 30 Micron | C17: Bening | D17: 1 | E17: Pcs | F17: 1 Plastik 1 Pcs | G17: Mapan Plastik | H17: 370 | J17: =D17*H17 -> 370
A18: 5 | B18: Plastik Pp 50x60cm | C18: Bening | D18: =1/10 -> 0.1 | E18: Pcs | F18: 1 Plastik 10 Pcs | G18: Istana Plastik | H18: 587 | J18: =D18*H18 -> 58.7
A19: 6 | B19: Karung | C19: Putih | D19: =1/100 -> 0.01 | E19: Pcs | F19: 1 karung 100 pcs | G19: Cibadak | H19: 5000 | J19: =D19*H19 -> 50
A20: 7 | B20: Cat Sablon Plastisol | C20: Mix Warna | D20: 1 | E20: Pcs | F20: - | G20: Metro SPS | H20: 2500 | J20: =D20*H20 -> 2500
A21: Manufaktur
A22: NO | B22: WORK | D22: PEMAKAIAN | E22: UNIT | F22: KET. PEMAKAIAN | G22: VENDOR | H22: ESTIMASI MIN | J22: HARGA / PCS
A23: 1 | B23: Cutting T-Shirt | D23: 1 | E23: Pcs | G23: VML | H23: 750 | J23: =D23*H23 -> 750
A24: 2 | B24: Sablon T-Shirt | D24: 1 | E24: Pcs | G24: VML | H24: 2000 | J24: =D24*H24 -> 2000
A25: 3 | B25: Jahit T-Shirt | D25: 1 | E25: Pcs | G25: VML | H25: 2500 | J25: 5500
A26: 4 | B26: QC T-Shirt | D26: 1 | E26: Pcs | G26: VML | H26: 2000 | J26: =D26*H26 -> 2000

Sheet 30. Polo Poli Single SS - DTF
B2: Polo Poli Single S/S - DTF | C2: Total Harga/Pcs
B3: Bahan | C3: =SUM(J10:J11) -> 24142.857
B4: Aksesoris | C4: =SUM(J14:J20) -> 5012.0333
B5: Pekerja | C5: =SUM(J23:J26) -> 10250
B6: Total Biaya Per Pcs | C6: =SUM(C3:D5) -> 39404.89
A8: BAHAN UTAMA
A9: NO | B9: BAHAN | C9: WARNA | D9: PEMAKAIAN | E9: UNIT | F9: KETERANGAN Pemakaian | G9: VENDOR | H9: HARGA ECER | I9: HARGA ROLL | J9: HARGA / PCS
A10: 1 | B10: Lacoste Pique PE | C10: Hitam | D10: =1/3.5 -> 0.28571429 | E10: Kg | F10: 1 kg 3.5 Pc | G10: Subur Makmur | H10: 60000 | J10: =D10*H10 -> 17142.857
A11: 2 | B11: Kragh Manset | C11: Hitam | D11: 1 | E11: set | G11: subur Makmur | H11: 7000 | J11: =D11*H11 -> 7000
A12: AKSESORIS
A13: NO | B13: BAHAN | C13: WARNA | D13: PEMAKAIAN | E13: UNIT | F13: KET. PEMAKAIAN | G13: VENDOR | H13: HARGA ECER | I13: HARGA ROLL | J13: HARGA / PCS
A14: 1 | B14: Benang Jahit | C14: Hitam | D14: =1/100 -> 0.01 | E14: Lusin | F14: 1 lusin jadi 100pc | G14: Toko 1001 | H14: 25000 | J14: =D14*H14 -> 250
A15: 2 | B15: Benang Obras | C15: Hitam | D15: =4/120 -> 0.033333333 | E15: Cones | F15: 4 cones jadi 120pc | G15: Toko 1001 | H15: 13000 | J15: =D15*H15 -> 433.33333
A16: 3 | B16: Label Size Bordir | C16: Hitam | D16: =1/100 -> 0.01 | E16: Golong | F16: 1 Golong Jadi 100 pc | G16: Toko 1001 | H16: 10000 | J16: =D16*H16 -> 100
A17: 4 | B17: Plastik Opp 30 Micron | C17: Bening | D17: 1 | E17: Pcs | F17: 1 Plastik 1 Pcs | G17: Mapan Plastik | H17: 370 | J17: =D17*H17 -> 370
A18: 5 | B18: Plastik Pp 50x60cm | C18: Bening | D18: =1/10 -> 0.1 | E18: Pcs | F18: 1 Plastik 10 Pcs | G18: Istana Plastik | H18: 587 | J18: =D18*H18 -> 58.7
A19: 6 | B19: Karung | C19: Putih | D19: =1/100 -> 0.01 | E19: Pcs | F19: 1 karung 100 pcs | G19: Cibadak | H19: 5000 | J19: =D19*H19 -> 50
A20: 7 | B20: DTF | C20: Mix Warna | D20: 1 | E20: Pcs | F20: - | G20: Max Print | H20: 3750 | J20: =D20*H20 -> 3750
A21: Manufaktur
A22: NO | B22: WORK | D22: PEMAKAIAN | E22: UNIT | F22: KET. PEMAKAIAN | G22: VENDOR | H22: ESTIMASI MIN | J22: HARGA / PCS
A23: 1 | B23: Cutting T-Shirt | D23: 1 | E23: Pcs | G23: VML | H23: 750 | J23: =D23*H23 -> 750
A24: 2 | B24: Sablon T-Shirt | D24: 1 | E24: Pcs | G24: VML | H24: 2000 | J24: =D24*H24 -> 2000
A25: 3 | B25: Jahit T-Shirt | D25: 1 | E25: Pcs | G25: VML | H25: 2500 | J25: 5500
A26: 4 | B26: QC T-Shirt | D26: 1 | E26: Pcs | G26: VML | H26: 2000 | J26: =D26*H26 -> 2000

Sheet 31. Polo Poli Single LS - Sablo
B2: Polo Poli Single L/S - Sablon | C2: Total Harga/Pcs
B3: Bahan | C3: =SUM(J10:J11) -> 27000
B4: Aksesoris | C4: =SUM(J14:J20) -> 3762.0333
B5: Pekerja | C5: =SUM(J23:J26) -> 10250
B6: Total Biaya Per Pcs | C6: =SUM(C3:D5) -> 41012.033
A8: BAHAN UTAMA
A9: NO | B9: BAHAN | C9: WARNA | D9: PEMAKAIAN | E9: UNIT | F9: KETERANGAN Pemakaian | G9: VENDOR | H9: HARGA ECER | I9: HARGA ROLL | J9: HARGA / PCS
A10: 1 | B10: Lacoste Pique PE | C10: Hitam | D10: =1/3 -> 0.33333333 | E10: Kg | F10: 1 kg 3 Pc | G10: Subur Makmur | H10: 60000 | J10: =D10*H10 -> 20000
A11: 2 | B11: Kragh Manset | C11: Hitam | D11: 1 | E11: set | G11: Subur Makmur | H11: 7000 | J11: =D11*H11 -> 7000
A12: AKSESORIS
A13: NO | B13: BAHAN | C13: WARNA | D13: PEMAKAIAN | E13: UNIT | F13: KET. PEMAKAIAN | G13: VENDOR | H13: HARGA ECER | I13: HARGA ROLL | J13: HARGA / PCS
A14: 1 | B14: Benang Jahit | C14: Hitam | D14: =1/100 -> 0.01 | E14: Lusin | F14: 1 lusin jadi 100pc | G14: Toko 1001 | H14: 25000 | J14: =D14*H14 -> 250
A15: 2 | B15: Benang Obras | C15: Hitam | D15: =4/120 -> 0.033333333 | E15: Cones | F15: 4 cones jadi 120pc | G15: Toko 1001 | H15: 13000 | J15: =D15*H15 -> 433.33333
A16: 3 | B16: Label Size Bordir | C16: Hitam | D16: =1/100 -> 0.01 | E16: Golong | F16: 1 Golong Jadi 100 pc | G16: Toko 1001 | H16: 10000 | J16: =D16*H16 -> 100
A17: 4 | B17: Plastik Opp 30 Micron | C17: Bening | D17: 1 | E17: Pcs | F17: 1 Plastik 1 Pcs | G17: Mapan Plastik | H17: 370 | J17: =D17*H17 -> 370
A18: 5 | B18: Plastik Pp 50x60cm | C18: Bening | D18: =1/10 -> 0.1 | E18: Pcs | F18: 1 Plastik 10 Pcs | G18: Istana Plastik | H18: 587 | J18: =D18*H18 -> 58.7
A19: 6 | B19: Karung | C19: Putih | D19: =1/100 -> 0.01 | E19: Pcs | F19: 1 karung 100 pcs | G19: Cibadak | H19: 5000 | J19: =D19*H19 -> 50
A20: 7 | B20: Cat Sablon Plastisol | C20: Mix Warna | D20: 1 | E20: Pcs | F20: - | G20: Metro SPS | H20: 2500 | J20: =D20*H20 -> 2500
A21: Manufaktur
A22: NO | B22: WORK | D22: PEMAKAIAN | E22: UNIT | F22: KET. PEMAKAIAN | G22: VENDOR | H22: ESTIMASI MIN | J22: HARGA / PCS
A23: 1 | B23: Cutting T-Shirt | D23: 1 | E23: Pcs | G23: VML | H23: 750 | J23: =D23*H23 -> 750
A24: 2 | B24: Sablon T-Shirt | D24: 1 | E24: Pcs | G24: VML | H24: 2000 | J24: =D24*H24 -> 2000
A25: 3 | B25: Jahit T-Shirt | D25: 1 | E25: Pcs | G25: VML | H25: 2500 | J25: 5500
A26: 4 | B26: QC T-Shirt | D26: 1 | E26: Pcs | G26: VML | H26: 2000 | J26: =D26*H26 -> 2000

Sheet 32. Polo Poli Single LS - DTF
B2: Poli Single L/S - DTF | C2: Total Harga/Pcs
B3: Bahan | C3: =SUM(J10:J11) -> 27000
B4: Aksesoris | C4: =SUM(J14:J20) -> 5012.0333
B5: Pekerja | C5: =SUM(J23:J26) -> 10250
B6: Total Biaya Per Pcs | C6: =SUM(C3:D5) -> 42262.033
A8: BAHAN UTAMA
A9: NO | B9: BAHAN | C9: WARNA | D9: PEMAKAIAN | E9: UNIT | F9: KETERANGAN Pemakaian | G9: VENDOR | H9: HARGA ECER | I9: HARGA ROLL | J9: HARGA / PCS
A10: 1 | B10: Lacoste Pique PE | C10: Hitam | D10: =1/3 -> 0.33333333 | E10: Kg | F10: 1 kg 3 Pc | G10: Subur Makmur | H10: 60000 | J10: =D10*H10 -> 20000
A11: 2 | B11: Kragh Manset | C11: Hitam | D11: 1 | E11: set | G11: Subur Makmur | H11: 7000 | J11: =D11*H11 -> 7000
A12: AKSESORIS
A13: NO | B13: BAHAN | C13: WARNA | D13: PEMAKAIAN | E13: UNIT | F13: KET. PEMAKAIAN | G13: VENDOR | H13: HARGA ECER | I13: HARGA ROLL | J13: HARGA / PCS
A14: 1 | B14: Benang Jahit | C14: Hitam | D14: =1/100 -> 0.01 | E14: Lusin | F14: 1 lusin jadi 100pc | G14: Toko 1001 | H14: 25000 | J14: =D14*H14 -> 250
A15: 2 | B15: Benang Obras | C15: Hitam | D15: =4/120 -> 0.033333333 | E15: Cones | F15: 4 cones jadi 120pc | G15: Toko 1001 | H15: 13000 | J15: =D15*H15 -> 433.33333
A16: 3 | B16: Label Size Bordir | C16: Hitam | D16: =1/100 -> 0.01 | E16: Golong | F16: 1 Golong Jadi 100 pc | G16: Toko 1001 | H16: 10000 | J16: =D16*H16 -> 100
A17: 4 | B17: Plastik Opp 30 Micron | C17: Bening | D17: 1 | E17: Pcs | F17: 1 Plastik 1 Pcs | G17: Mapan Plastik | H17: 370 | J17: =D17*H17 -> 370
A18: 5 | B18: Plastik Pp 50x60cm | C18: Bening | D18: =1/10 -> 0.1 | E18: Pcs | F18: 1 Plastik 10 Pcs | G18: Istana Plastik | H18: 587 | J18: =D18*H18 -> 58.7
A19: 6 | B19: Karung | C19: Putih | D19: =1/100 -> 0.01 | E19: Pcs | F19: 1 karung 100 pcs | G19: Cibadak | H19: 5000 | J19: =D19*H19 -> 50
A20: 7 | B20: DTF | C20: Mix Warna | D20: 1 | E20: Pcs | F20: - | G20: Max Print | H20: 3750 | J20: =D20*H20 -> 3750
A21: Manufaktur
A22: NO | B22: WORK | D22: PEMAKAIAN | E22: UNIT | F22: KET. PEMAKAIAN | G22: VENDOR | H22: ESTIMASI MIN | J22: HARGA / PCS
A23: 1 | B23: Cutting T-Shirt | D23: 1 | E23: Pcs | G23: VML | H23: 750 | J23: =D23*H23 -> 750
A24: 2 | B24: Sablon T-Shirt | D24: 1 | E24: Pcs | G24: VML | H24: 2000 | J24: =D24*H24 -> 2000
A25: 3 | B25: Jahit T-Shirt | D25: 1 | E25: Pcs | G25: VML | H25: 2500 | J25: 5500
A26: 4 | B26: QC T-Shirt | D26: 1 | E26: Pcs | G26: VML | H26: 2000 | J26: =D26*H26 -> 2000

Sheet 33. Jersey Dryfit SS - Full Pri
B2: Jersey Dryfit S/S - Full Print | C2: Total Harga/Pcs
B3: Bahan | C3: =SUM(J10:J11) -> 18000
B4: Aksesoris | C4: =SUM(J14:J21) -> 17462.033
B5: Pekerja | C5: =SUM(J24:J27) -> 6750
B6: Total Biaya Per Pcs | C6: =SUM(C3:D5) -> 42212.033
A8: BAHAN UTAMA
A9: NO | B9: BAHAN | C9: WARNA | D9: PEMAKAIAN | E9: UNIT | F9: KETERANGAN Pemakaian | G9: VENDOR | H9: HARGA ECER | I9: HARGA ROLL | J9: HARGA / PCS
A10: 1 | B10: Dryfit (brazil/benzema/milano) | D10: =0.9/3.3 -> 0.27272727 | F10: 1 kg = 3.3 meter, 1 Pc=0.9M | G10: Central | H10: 66000 | J10: =D10*H10 -> 18000
A11: 2 | G11: Central | J11: =D11*H11 -> 0
A12: AKSESORIS
A13: NO | B13: BAHAN | C13: WARNA | D13: PEMAKAIAN | E13: UNIT | F13: KET. PEMAKAIAN | G13: VENDOR | H13: HARGA ECER | I13: HARGA ROLL | J13: HARGA / PCS
A14: 1 | B14: Benang Jahit | C14: Hitam | D14: =1/100 -> 0.01 | E14: Lusin | F14: 1 lusin jadi 100pc | G14: Toko 1001 | H14: 25000 | J14: =D14*H14 -> 250
A15: 2 | B15: Benang Obras | C15: Hitam | D15: =4/120 -> 0.033333333 | E15: Cones | F15: 4 cones jadi 120pc | G15: Toko 1001 | H15: 13000 | J15: =D15*H15 -> 433.33333
A16: 3 | B16: Label Size Bordir | C16: Hitam | D16: =1/100 -> 0.01 | E16: Golong | F16: 1 Golong Jadi 100 pc | G16: Toko 1001 | H16: 10000 | J16: =D16*H16 -> 100
A17: 4 | B17: Plastik Opp 30 Micron | C17: Bening | D17: 1 | E17: Pcs | F17: 1 Plastik 1 Pcs | G17: Mapan Plastik | H17: 370 | J17: =D17*H17 -> 370
A18: 5 | B18: Plastik Pp 50x60cm | C18: Bening | D18: =1/10 -> 0.1 | E18: Pcs | F18: 1 Plastik 10 Pcs | G18: Istana Plastik | H18: 587 | J18: =D18*H18 -> 58.7
A19: 6 | B19: Karung | C19: Putih | D19: =1/100 -> 0.01 | E19: Pcs | F19: 1 karung 100 pcs | G19: Cibadak | H19: 5000 | J19: =D19*H19 -> 50
A20: 7 | B20: Sublim | D20: 0.9 | E20: meter | F20: 0.8 meter 1 Pc | G20: Max Print | H20: 18000 | J20: =D20*H20 -> 16200
A21: 8 | J21: =D21*H21 -> 0
A22: Manufaktur
A23: NO | B23: WORK | D23: PEMAKAIAN | E23: UNIT | F23: KET. PEMAKAIAN | G23: VENDOR | H23: ESTIMASI MIN | J23: HARGA / PCS
A24: 1 | B24: Cutting T-Shirt | D24: 1 | E24: Pcs | G24: VML | H24: 1750 | J24: =D24*H24 -> 1750
A25: 2 | B25: Jahit T-Shirt | D25: 1 | E25: Pcs | G25: VML | H25: 3000 | J25: =D25*H25 -> 3000
A26: 3 | B26: QC T-Shirt | D26: 1 | E26: Pcs | G26: VML | H26: 2000 | J26: =D26*H26 -> 2000
A27: 4 | J27: =D27*H27 -> 0

Sheet 34. Jersey Dryfit SS Spandex - 
B2: Jersey Dryfit S/S Spandex - Full Print | C2: Total Harga/Pcs
B3: Bahan | C3: =SUM(J10:J11) -> 19090.909
B4: Aksesoris | C4: =SUM(J14:J21) -> 17462.033
B5: Pekerja | C5: =SUM(J24:J27) -> 6750
B6: Total Biaya Per Pcs | C6: =SUM(C3:D5) -> 43302.942
A8: BAHAN UTAMA
A9: NO | B9: BAHAN | C9: WARNA | D9: PEMAKAIAN | E9: UNIT | F9: KETERANGAN Pemakaian | G9: VENDOR | H9: HARGA ECER | I9: HARGA ROLL | J9: HARGA / PCS
A10: 1 | B10: Dryfit Strech (Drop Needle) | D10: =0.9/3.3 -> 0.27272727 | F10: 1 kg = 3.3 meter, 1 Pc=0.9M | G10: Ragam bahan | H10: 70000 | J10: =D10*H10 -> 19090.909
A11: 2 | J11: =D11*H11 -> 0
A12: AKSESORIS
A13: NO | B13: BAHAN | C13: WARNA | D13: PEMAKAIAN | E13: UNIT | F13: KET. PEMAKAIAN | G13: VENDOR | H13: HARGA ECER | I13: HARGA ROLL | J13: HARGA / PCS
A14: 1 | B14: Benang Jahit | C14: Hitam | D14: =1/100 -> 0.01 | E14: Lusin | F14: 1 lusin jadi 100pc | G14: Toko 1001 | H14: 25000 | J14: =D14*H14 -> 250
A15: 2 | B15: Benang Obras | C15: Hitam | D15: =4/120 -> 0.033333333 | E15: Cones | F15: 4 cones jadi 120pc | G15: Toko 1001 | H15: 13000 | J15: =D15*H15 -> 433.33333
A16: 3 | B16: Label Size Bordir | C16: Hitam | D16: =1/100 -> 0.01 | E16: Golong | F16: 1 Golong Jadi 100 pc | G16: Toko 1001 | H16: 10000 | J16: =D16*H16 -> 100
A17: 4 | B17: Plastik Opp 30 Micron | C17: Bening | D17: 1 | E17: Pcs | F17: 1 Plastik 1 Pcs | G17: Mapan Plastik | H17: 370 | J17: =D17*H17 -> 370
A18: 5 | B18: Plastik Pp 50x60cm | C18: Bening | D18: =1/10 -> 0.1 | E18: Pcs | F18: 1 Plastik 10 Pcs | G18: Istana Plastik | H18: 587 | J18: =D18*H18 -> 58.7
A19: 6 | B19: Karung | C19: Putih | D19: =1/100 -> 0.01 | E19: Pcs | F19: 1 karung 100 pcs | G19: Cibadak | H19: 5000 | J19: =D19*H19 -> 50
A20: 7 | B20: Sublim | D20: 0.9 | E20: meter | F20: 0.9 meter 1 Pc | G20: Max Print | H20: 18000 | J20: =D20*H20 -> 16200
A21: 8 | J21: =D21*H21 -> 0
A22: Manufaktur
A23: NO | B23: WORK | D23: PEMAKAIAN | E23: UNIT | F23: KET. PEMAKAIAN | G23: VENDOR | H23: ESTIMASI MIN | J23: HARGA / PCS
A24: 1 | B24: Cutting T-Shirt | D24: 1 | E24: Pcs | G24: VML | H24: 1750 | J24: =D24*H24 -> 1750
A25: 2 | B25: Jahit T-Shirt | D25: 1 | E25: Pcs | G25: VML | H25: 3000 | J25: =D25*H25 -> 3000
A26: 3 | B26: QC T-Shirt | D26: 1 | E26: Pcs | G26: VML | H26: 2000 | J26: =D26*H26 -> 2000
A27: 4 | J27: =D27*H27 -> 0

Sheet 35. Jersey Dryfit LS - Full Pri
B2: Jersey Dryfit L/S - Full Print | C2: Total Harga/Pcs
B3: Bahan | C3: =SUM(J10:J11) -> 20000
B4: Aksesoris | C4: =SUM(J14:J21) -> 21062.033
B5: Pekerja | C5: =SUM(J24:J27) -> 7250
B6: Total Biaya Per Pcs | C6: =SUM(C3:D5) -> 48312.033
A8: BAHAN UTAMA
A9: NO | B9: BAHAN | C9: WARNA | D9: PEMAKAIAN | E9: UNIT | F9: KETERANGAN Pemakaian | G9: VENDOR | H9: HARGA ECER | I9: HARGA ROLL | J9: HARGA / PCS
A10: 1 | B10: Dryfit (brazil/benzema/milano) | D10: =1/3.3 -> 0.3030303 | F10: 1 kg = 3.3 meter, 1 Pc=1M | G10: Central | H10: 66000 | J10: =D10*H10 -> 20000
A11: 2 | G11: Central | J11: =D11*H11 -> 0
A12: AKSESORIS
A13: NO | B13: BAHAN | C13: WARNA | D13: PEMAKAIAN | E13: UNIT | F13: KET. PEMAKAIAN | G13: VENDOR | H13: HARGA ECER | I13: HARGA ROLL | J13: HARGA / PCS
A14: 1 | B14: Benang Jahit | C14: Hitam | D14: =1/100 -> 0.01 | E14: Lusin | F14: 1 lusin jadi 100pc | G14: Toko 1001 | H14: 25000 | J14: =D14*H14 -> 250
A15: 2 | B15: Benang Obras | C15: Hitam | D15: =4/120 -> 0.033333333 | E15: Cones | F15: 4 cones jadi 120pc | G15: Toko 1001 | H15: 13000 | J15: =D15*H15 -> 433.33333
A16: 3 | B16: Label Size Bordir | C16: Hitam | D16: =1/100 -> 0.01 | E16: Golong | F16: 1 Golong Jadi 100 pc | G16: Toko 1001 | H16: 10000 | J16: =D16*H16 -> 100
A17: 4 | B17: Plastik Opp 30 Micron | C17: Bening | D17: 1 | E17: Pcs | F17: 1 Plastik 1 Pcs | G17: Mapan Plastik | H17: 370 | J17: =D17*H17 -> 370
A18: 5 | B18: Plastik Pp 50x60cm | C18: Bening | D18: =1/10 -> 0.1 | E18: Pcs | F18: 1 Plastik 10 Pcs | G18: Istana Plastik | H18: 587 | J18: =D18*H18 -> 58.7
A19: 6 | B19: Karung | C19: Putih | D19: =1/100 -> 0.01 | E19: Pcs | F19: 1 karung 100 pcs | G19: Cibadak | H19: 5000 | J19: =D19*H19 -> 50
A20: 7 | B20: Sublim | D20: 1.1 | E20: meter | F20: 1.1 meter 1 Pc | G20: Max Print | H20: 18000 | J20: =D20*H20 -> 19800
A21: 8 | J21: =D21*H21 -> 0
A22: Manufaktur
A23: NO | B23: WORK | D23: PEMAKAIAN | E23: UNIT | F23: KET. PEMAKAIAN | G23: VENDOR | H23: ESTIMASI MIN | J23: HARGA / PCS
A24: 1 | B24: Cutting T-Shirt | D24: 1 | E24: Pcs | G24: VML | H24: 1750 | J24: =D24*H24 -> 1750
A25: 2 | B25: Jahit T-Shirt | D25: 1 | E25: Pcs | G25: VML | H25: 3500 | J25: =D25*H25 -> 3500
A26: 3 | B26: QC T-Shirt | D26: 1 | E26: Pcs | G26: VML | H26: 2000 | J26: =D26*H26 -> 2000
A27: 4 | J27: =D27*H27 -> 0

Sheet 36. Jersey Dryfit LS Spandex - 
B2: Jersey Dryfit L/S Spandex - Full Print | C2: Total Harga/Pcs
B3: Bahan | C3: =SUM(J10:J11) -> 21212.121
B4: Aksesoris | C4: =SUM(J14:J21) -> 21062.033
B5: Pekerja | C5: =SUM(J24:J27) -> 7250
B6: Total Biaya Per Pcs | C6: =SUM(C3:D5) -> 49524.155
A8: BAHAN UTAMA
A9: NO | B9: BAHAN | C9: WARNA | D9: PEMAKAIAN | E9: UNIT | F9: KETERANGAN Pemakaian | G9: VENDOR | H9: HARGA ECER | I9: HARGA ROLL | J9: HARGA / PCS
A10: 1 | B10: Dryfit Strech (Drop Needle) | D10: =1/3.3 -> 0.3030303 | F10: 1 kg = 3.3 meter, 1 Pc=1M | G10: Ragam Bahan | H10: 70000 | J10: =D10*H10 -> 21212.121
A11: 2 | G11: Ragam Bahan | J11: =D11*H11 -> 0
A12: AKSESORIS
A13: NO | B13: BAHAN | C13: WARNA | D13: PEMAKAIAN | E13: UNIT | F13: KET. PEMAKAIAN | G13: VENDOR | H13: HARGA ECER | I13: HARGA ROLL | J13: HARGA / PCS
A14: 1 | B14: Benang Jahit | C14: Hitam | D14: =1/100 -> 0.01 | E14: Lusin | F14: 1 lusin jadi 100pc | G14: Toko 1001 | H14: 25000 | J14: =D14*H14 -> 250
A15: 2 | B15: Benang Obras | C15: Hitam | D15: =4/120 -> 0.033333333 | E15: Cones | F15: 4 cones jadi 120pc | G15: Toko 1001 | H15: 13000 | J15: =D15*H15 -> 433.33333
A16: 3 | B16: Label Size Bordir | C16: Hitam | D16: =1/100 -> 0.01 | E16: Golong | F16: 1 Golong Jadi 100 pc | G16: Toko 1001 | H16: 10000 | J16: =D16*H16 -> 100
A17: 4 | B17: Plastik Opp 30 Micron | C17: Bening | D17: 1 | E17: Pcs | F17: 1 Plastik 1 Pcs | G17: Mapan Plastik | H17: 370 | J17: =D17*H17 -> 370
A18: 5 | B18: Plastik Pp 50x60cm | C18: Bening | D18: =1/10 -> 0.1 | E18: Pcs | F18: 1 Plastik 10 Pcs | G18: Istana Plastik | H18: 587 | J18: =D18*H18 -> 58.7
A19: 6 | B19: Karung | C19: Putih | D19: =1/100 -> 0.01 | E19: Pcs | F19: 1 karung 100 pcs | G19: Cibadak | H19: 5000 | J19: =D19*H19 -> 50
A20: 7 | B20: Sublim | D20: 1.1 | E20: meter | F20: 0.8 meter 1 Pc | G20: Max Print | H20: 18000 | J20: =D20*H20 -> 19800
A21: 8 | J21: =D21*H21 -> 0
A22: Manufaktur
A23: NO | B23: WORK | D23: PEMAKAIAN | E23: UNIT | F23: KET. PEMAKAIAN | G23: VENDOR | H23: ESTIMASI MIN | J23: HARGA / PCS
A24: 1 | B24: Cutting T-Shirt | D24: 1 | E24: Pcs | G24: VML | H24: 1750 | J24: =D24*H24 -> 1750
A25: 2 | B25: Jahit T-Shirt | D25: 1 | E25: Pcs | G25: VML | H25: 3500 | J25: =D25*H25 -> 3500
A26: 3 | B26: QC T-Shirt | D26: 1 | E26: Pcs | G26: VML | H26: 2000 | J26: =D26*H26 -> 2000
A27: 4 | J27: =D27*H27 -> 0

Sheet 37. Jersey Dryfit Raglan SS - F
B2: Jersey Dryfit Raglan S/S | C2: Total Harga/Pcs
B3: Bahan | C3: =SUM(J10:J11) -> 18000
B4: Aksesoris | C4: =SUM(J14:J21) -> 19262.033
B5: Pekerja | C5: =SUM(J24:J27) -> 6750
B6: Total Biaya Per Pcs | C6: =SUM(C3:D5) -> 44012.033
A8: BAHAN UTAMA
A9: NO | B9: BAHAN | C9: WARNA | D9: PEMAKAIAN | E9: UNIT | F9: KETERANGAN Pemakaian | G9: VENDOR | H9: HARGA ECER | I9: HARGA ROLL | J9: HARGA / PCS
A10: 1 | B10: Dryfit (brazil/benzema/milano) | D10: =0.9/3.3 -> 0.27272727 | F10: 1 kg = 3.3 meter, 1 Pc=9M | G10: Central | H10: 66000 | J10: =D10*H10 -> 18000
A11: 2 | G11: Central | J11: =D11*H11 -> 0
A12: AKSESORIS
A13: NO | B13: BAHAN | C13: WARNA | D13: PEMAKAIAN | E13: UNIT | F13: KET. PEMAKAIAN | G13: VENDOR | H13: HARGA ECER | I13: HARGA ROLL | J13: HARGA / PCS
A14: 1 | B14: Benang Jahit | C14: Hitam | D14: =1/100 -> 0.01 | E14: Lusin | F14: 1 lusin jadi 100pc | G14: Toko 1001 | H14: 25000 | J14: =D14*H14 -> 250
A15: 2 | B15: Benang Obras | C15: Hitam | D15: =4/120 -> 0.033333333 | E15: Cones | F15: 4 cones jadi 120pc | G15: Toko 1001 | H15: 13000 | J15: =D15*H15 -> 433.33333
A16: 3 | B16: Label Size Bordir | C16: Hitam | D16: =1/100 -> 0.01 | E16: Golong | F16: 1 Golong Jadi 100 pc | G16: Toko 1001 | H16: 10000 | J16: =D16*H16 -> 100
A17: 4 | B17: Plastik Opp 30 Micron | C17: Bening | D17: 1 | E17: Pcs | F17: 1 Plastik 1 Pcs | G17: Mapan Plastik | H17: 370 | J17: =D17*H17 -> 370
A18: 5 | B18: Plastik Pp 50x60cm | C18: Bening | D18: =1/10 -> 0.1 | E18: Pcs | F18: 1 Plastik 10 Pcs | G18: Istana Plastik | H18: 587 | J18: =D18*H18 -> 58.7
A19: 6 | B19: Karung | C19: Putih | D19: =1/100 -> 0.01 | E19: Pcs | F19: 1 karung 100 pcs | G19: Cibadak | H19: 5000 | J19: =D19*H19 -> 50
A20: 7 | B20: Sublim | D20: 1 | E20: meter | F20: 1 meter 1 Pc | G20: Max Print | H20: 18000 | J20: =D20*H20 -> 18000
A21: 8 | J21: =D21*H21 -> 0
A22: Manufaktur
A23: NO | B23: WORK | D23: PEMAKAIAN | E23: UNIT | F23: KET. PEMAKAIAN | G23: VENDOR | H23: ESTIMASI MIN | J23: HARGA / PCS
A24: 1 | B24: Cutting T-Shirt | D24: 1 | E24: Pcs | G24: VML | H24: 1750 | J24: =D24*H24 -> 1750
A25: 2 | B25: Jahit T-Shirt | D25: 1 | E25: Pcs | G25: VML | H25: 3000 | J25: =D25*H25 -> 3000
A26: 3 | B26: QC T-Shirt | D26: 1 | E26: Pcs | G26: VML | H26: 2000 | J26: =D26*H26 -> 2000
A27: 4 | J27: =D27*H27 -> 0

Sheet 38. Jersey Dryfit Raglan SS Spa
B2: Jersey Dryfit Raglan S/S Spandex | C2: Total Harga/Pcs
B3: Bahan | C3: =SUM(J10:J11) -> 19090.909
B4: Aksesoris | C4: =SUM(J14:J21) -> 19262.033
B5: Pekerja | C5: =SUM(J24:J27) -> 7650
B6: Total Biaya Per Pcs | C6: =SUM(C3:D5) -> 46002.942
A8: BAHAN UTAMA
A9: NO | B9: BAHAN | C9: WARNA | D9: PEMAKAIAN | E9: UNIT | F9: KETERANGAN Pemakaian | G9: VENDOR | H9: HARGA ECER | I9: HARGA ROLL | J9: HARGA / PCS
A10: 1 | B10: Dryfit Strech (Drop Needle) | D10: =0.9/3.3 -> 0.27272727 | F10: 1 kg = 3.3 meter, 1 Pc=0.9M | G10: Ragam Bahan | H10: 70000 | J10: =D10*H10 -> 19090.909
A11: 2 | G11: Ragam Bahan | J11: =D11*H11 -> 0
A12: AKSESORIS
A13: NO | B13: BAHAN | C13: WARNA | D13: PEMAKAIAN | E13: UNIT | F13: KET. PEMAKAIAN | G13: VENDOR | H13: HARGA ECER | I13: HARGA ROLL | J13: HARGA / PCS
A14: 1 | B14: Benang Jahit | C14: Hitam | D14: =1/100 -> 0.01 | E14: Lusin | F14: 1 lusin jadi 100pc | G14: Toko 1001 | H14: 25000 | J14: =D14*H14 -> 250
A15: 2 | B15: Benang Obras | C15: Hitam | D15: =4/120 -> 0.033333333 | E15: Cones | F15: 4 cones jadi 120pc | G15: Toko 1001 | H15: 13000 | J15: =D15*H15 -> 433.33333
A16: 3 | B16: Label Size Bordir | C16: Hitam | D16: =1/100 -> 0.01 | E16: Golong | F16: 1 Golong Jadi 100 pc | G16: Toko 1001 | H16: 10000 | J16: =D16*H16 -> 100
A17: 4 | B17: Plastik Opp 30 Micron | C17: Bening | D17: 1 | E17: Pcs | F17: 1 Plastik 1 Pcs | G17: Mapan Plastik | H17: 370 | J17: =D17*H17 -> 370
A18: 5 | B18: Plastik Pp 50x60cm | C18: Bening | D18: =1/10 -> 0.1 | E18: Pcs | F18: 1 Plastik 10 Pcs | G18: Istana Plastik | H18: 587 | J18: =D18*H18 -> 58.7
A19: 6 | B19: Karung | C19: Putih | D19: =1/100 -> 0.01 | E19: Pcs | F19: 1 karung 100 pcs | G19: Cibadak | H19: 5000 | J19: =D19*H19 -> 50
A20: 7 | B20: Sublim | D20: 1 | E20: meter | F20: 1 meter 1 Pc | G20: Max Print | H20: 18000 | J20: =D20*H20 -> 18000
A21: 8 | J21: =D21*H21 -> 0
A22: Manufaktur
A23: NO | B23: WORK | D23: PEMAKAIAN | E23: UNIT | F23: KET. PEMAKAIAN | G23: VENDOR | H23: ESTIMASI MIN | J23: HARGA / PCS
A24: 1 | B24: Cutting T-Shirt | D24: 1 | E24: Pcs | G24: VML | H24: 1750 | J24: =D24*H24 -> 1750
A25: 2 | B25: Jahit T-Shirt | D25: 1 | E25: Pcs | G25: VML | H25: 3000 | J25: =D25*H25 -> 3000
A26: 3 | B26: QC T-Shirt | D26: 1 | E26: Pcs | G26: VML | H26: 2000 | J26: =D26*H26 -> 2000
A27: 4 | B27: Pasang Lubang Kancing | D27: 3 | E27: Pcs | G27: VML | H27: 300 | J27: =D27*H27 -> 900

Sheet 39. Jersey Dryfit Raglan LS - F
B2: Jersey Dryfit Raglan L/S | C2: Total Harga/Pcs
B3: Bahan | C3: =SUM(J10:J11) -> 22000
B4: Aksesoris | C4: =SUM(J14:J21) -> 22862.033
B5: Pekerja | C5: =SUM(J24:J27) -> 7650
B6: Total Biaya Per Pcs | C6: =SUM(C3:D5) -> 52512.033
A8: BAHAN UTAMA
A9: NO | B9: BAHAN | C9: WARNA | D9: PEMAKAIAN | E9: UNIT | F9: KETERANGAN Pemakaian | G9: VENDOR | H9: HARGA ECER | I9: HARGA ROLL | J9: HARGA / PCS
A10: 1 | B10: Dryfit (brazil/benzema/milano) | D10: =1.1/3.3 -> 0.33333333 | F10: 1 kg = 3.3 meter, 1 Pc=1.1M | G10: Central | H10: 66000 | J10: =D10*H10 -> 22000
A11: 2 | G11: Central | J11: =D11*H11 -> 0
A12: AKSESORIS
A13: NO | B13: BAHAN | C13: WARNA | D13: PEMAKAIAN | E13: UNIT | F13: KET. PEMAKAIAN | G13: VENDOR | H13: HARGA ECER | I13: HARGA ROLL | J13: HARGA / PCS
A14: 1 | B14: Benang Jahit | C14: Hitam | D14: =1/100 -> 0.01 | E14: Lusin | F14: 1 lusin jadi 100pc | G14: Toko 1001 | H14: 25000 | J14: =D14*H14 -> 250
A15: 2 | B15: Benang Obras | C15: Hitam | D15: =4/120 -> 0.033333333 | E15: Cones | F15: 4 cones jadi 120pc | G15: Toko 1001 | H15: 13000 | J15: =D15*H15 -> 433.33333
A16: 3 | B16: Label Size Bordir | C16: Hitam | D16: =1/100 -> 0.01 | E16: Golong | F16: 1 Golong Jadi 100 pc | G16: Toko 1001 | H16: 10000 | J16: =D16*H16 -> 100
A17: 4 | B17: Plastik Opp 30 Micron | C17: Bening | D17: 1 | E17: Pcs | F17: 1 Plastik 1 Pcs | G17: Mapan Plastik | H17: 370 | J17: =D17*H17 -> 370
A18: 5 | B18: Plastik Pp 50x60cm | C18: Bening | D18: =1/10 -> 0.1 | E18: Pcs | F18: 1 Plastik 10 Pcs | G18: Istana Plastik | H18: 587 | J18: =D18*H18 -> 58.7
A19: 6 | B19: Karung | C19: Putih | D19: =1/100 -> 0.01 | E19: Pcs | F19: 1 karung 100 pcs | G19: Cibadak | H19: 5000 | J19: =D19*H19 -> 50
A20: 7 | B20: Sublim | D20: 1.2 | E20: meter | F20: 1.2 meter 1 Pc | G20: Max Print | H20: 18000 | J20: =D20*H20 -> 21600
A21: 8 | J21: =D21*H21 -> 0
A22: Manufaktur
A23: NO | B23: WORK | D23: PEMAKAIAN | E23: UNIT | F23: KET. PEMAKAIAN | G23: VENDOR | H23: ESTIMASI MIN | J23: HARGA / PCS
A24: 1 | B24: Cutting T-Shirt | D24: 1 | E24: Pcs | G24: VML | H24: 1750 | J24: =D24*H24 -> 1750
A25: 2 | B25: Jahit T-Shirt | D25: 1 | E25: Pcs | G25: VML | H25: 3000 | J25: =D25*H25 -> 3000
A26: 3 | B26: QC T-Shirt | D26: 1 | E26: Pcs | G26: VML | H26: 2000 | J26: =D26*H26 -> 2000
A27: 4 | B27: Pasang Lubang Kancing | D27: 3 | E27: Pcs | G27: VML | H27: 300 | J27: =D27*H27 -> 900

Sheet 40. Jersey Dryfit Raglan LS Spa
B2: Jersey Dryfit Raglan L/S Spandex | C2: Total Harga/Pcs
B3: Bahan | C3: =SUM(J10:J11) -> 23333.333
B4: Aksesoris | C4: =SUM(J14:J21) -> 22862.033
B5: Pekerja | C5: =SUM(J24:J27) -> 7650
B6: Total Biaya Per Pcs | C6: =SUM(C3:D5) -> 53845.367
A8: BAHAN UTAMA
A9: NO | B9: BAHAN | C9: WARNA | D9: PEMAKAIAN | E9: UNIT | F9: KETERANGAN Pemakaian | G9: VENDOR | H9: HARGA ECER | I9: HARGA ROLL | J9: HARGA / PCS
A10: 1 | B10: Dryfit Strech (Drop Needle) | D10: =1.1/3.3 -> 0.33333333 | F10: 1 kg = 3.3 meter, 1 Pc=1.1M | G10: Ragam Bahan | H10: 70000 | J10: =D10*H10 -> 23333.333
A11: 2 | G11: Ragam Bahan | J11: =D11*H11 -> 0
A12: AKSESORIS
A13: NO | B13: BAHAN | C13: WARNA | D13: PEMAKAIAN | E13: UNIT | F13: KET. PEMAKAIAN | G13: VENDOR | H13: HARGA ECER | I13: HARGA ROLL | J13: HARGA / PCS
A14: 1 | B14: Benang Jahit | C14: Hitam | D14: =1/100 -> 0.01 | E14: Lusin | F14: 1 lusin jadi 100pc | G14: Toko 1001 | H14: 25000 | J14: =D14*H14 -> 250
A15: 2 | B15: Benang Obras | C15: Hitam | D15: =4/120 -> 0.033333333 | E15: Cones | F15: 4 cones jadi 120pc | G15: Toko 1001 | H15: 13000 | J15: =D15*H15 -> 433.33333
A16: 3 | B16: Label Size Bordir | C16: Hitam | D16: =1/100 -> 0.01 | E16: Golong | F16: 1 Golong Jadi 100 pc | G16: Toko 1001 | H16: 10000 | J16: =D16*H16 -> 100
A17: 4 | B17: Plastik Opp 30 Micron | C17: Bening | D17: 1 | E17: Pcs | F17: 1 Plastik 1 Pcs | G17: Mapan Plastik | H17: 370 | J17: =D17*H17 -> 370
A18: 5 | B18: Plastik Pp 50x60cm | C18: Bening | D18: =1/10 -> 0.1 | E18: Pcs | F18: 1 Plastik 10 Pcs | G18: Istana Plastik | H18: 587 | J18: =D18*H18 -> 58.7
A19: 6 | B19: Karung | C19: Putih | D19: =1/100 -> 0.01 | E19: Pcs | F19: 1 karung 100 pcs | G19: Cibadak | H19: 5000 | J19: =D19*H19 -> 50
A20: 7 | B20: Sublim | D20: 1.2 | E20: meter | F20: 1.2 meter 1 Pc | G20: Max Print | H20: 18000 | J20: =D20*H20 -> 21600
A21: 8 | J21: =D21*H21 -> 0
A22: Manufaktur
A23: NO | B23: WORK | D23: PEMAKAIAN | E23: UNIT | F23: KET. PEMAKAIAN | G23: VENDOR | H23: ESTIMASI MIN | J23: HARGA / PCS
A24: 1 | B24: Cutting T-Shirt | D24: 1 | E24: Pcs | G24: VML | H24: 1750 | J24: =D24*H24 -> 1750
A25: 2 | B25: Jahit T-Shirt | D25: 1 | E25: Pcs | G25: VML | H25: 3000 | J25: =D25*H25 -> 3000
A26: 3 | B26: QC T-Shirt | D26: 1 | E26: Pcs | G26: VML | H26: 2000 | J26: =D26*H26 -> 2000
A27: 4 | B27: Pasang Lubang Kancing | D27: 3 | E27: Pcs | G27: VML | H27: 300 | J27: =D27*H27 -> 900

Sheet 41. Polo Jersey Dryfit - Sublim
B2: Polo Jersey Dryfit - Sublim | C2: Total Harga/Pcs
B3: Bahan | C3: =SUM(J10:J11) -> 20000
B4: Aksesoris | C4: =SUM(J14:J21) -> 19683.233
B5: Pekerja | C5: =SUM(J24:J27) -> 12650
B6: Total Biaya Per Pcs | C6: =SUM(C3:D5) -> 52333.233
A8: BAHAN UTAMA
A9: NO | B9: BAHAN | C9: WARNA | D9: PEMAKAIAN | E9: UNIT | F9: KETERANGAN Pemakaian | G9: VENDOR | H9: HARGA ECER | I9: HARGA ROLL | J9: HARGA / PCS
A10: 1 | B10: Dryfit (brazil/benzema/milano) | D10: =1/3.3 -> 0.3030303 | F10: 1 kg = 3.3 meter, 1 Pc=1M | G10: Central | H10: 66000 | J10: =D10*H10 -> 20000
A11: 2 | G11: Central | J11: =D11*H11 -> 0
A12: AKSESORIS
A13: NO | B13: BAHAN | C13: WARNA | D13: PEMAKAIAN | E13: UNIT | F13: KET. PEMAKAIAN | G13: VENDOR | H13: HARGA ECER | I13: HARGA ROLL | J13: HARGA / PCS
A14: 1 | B14: Benang Jahit | C14: Hitam | D14: =1/100 -> 0.01 | E14: Lusin | F14: 1 lusin jadi 100pc | G14: Toko 1001 | H14: 25000 | J14: =D14*H14 -> 250
A15: 2 | B15: Benang Obras | C15: Hitam | D15: =4/120 -> 0.033333333 | E15: Cones | F15: 4 cones jadi 120pc | G15: Toko 1001 | H15: 13000 | J15: =D15*H15 -> 433.33333
A16: 3 | B16: Label Size Bordir | C16: Hitam | D16: =1/100 -> 0.01 | E16: Golong | F16: 1 Golong Jadi 100 pc | G16: Toko 1001 | H16: 10000 | J16: =D16*H16 -> 100
A17: 4 | B17: Plastik Opp 30 Micron | C17: Bening | D17: 1 | E17: Pcs | F17: 1 Plastik 1 Pcs | G17: Mapan Plastik | H17: 370 | J17: =D17*H17 -> 370
A18: 5 | B18: Plastik Pp 50x60cm | C18: Bening | D18: =1/10 -> 0.1 | E18: Pcs | F18: 1 Plastik 10 Pcs | G18: Istana Plastik | H18: 587 | J18: =D18*H18 -> 58.7
A19: 6 | B19: Karung | C19: Putih | D19: =1/100 -> 0.01 | E19: Pcs | F19: 1 karung 100 pcs | G19: Cibadak | H19: 5000 | J19: =D19*H19 -> 50
A20: 7 | B20: Kain Keras | C20: Putih | D20: 0.1 | E20: Meter | F20: 0,5 untuk 12 pc | G20: Toko 1001 | H20: 4212 | J20: =D20*H20 -> 421.2
A21: 8 | B21: Sublim | D21: 1 | F21: 1 meter untuk 1 Pc | G21: cisarua | H21: 18000 | J21: =D21*H21 -> 18000
A22: Manufaktur
A23: NO | B23: WORK | D23: PEMAKAIAN | E23: UNIT | F23: KET. PEMAKAIAN | G23: VENDOR | H23: ESTIMASI MIN | J23: HARGA / PCS
A24: 1 | B24: Cutting T-Shirt | D24: 1 | E24: Pcs | G24: VML | H24: 2750 | J24: =D24*H24 -> 2750
A25: 2 | B25: Jahit T-Shirt | D25: 1 | E25: Pcs | G25: VML | H25: 6500 | J25: =D25*H25 -> 6500
A26: 3 | B26: QC T-Shirt | D26: 1 | E26: Pcs | G26: VML | H26: 2500 | J26: =D26*H26 -> 2500
A27: 4 | B27: Pasang Lubang Kancing | D27: 3 | E27: Pcs | G27: VML | H27: 300 | J27: =D27*H27 -> 900

Sheet 42. Polo Jersey Dryfit Spandex 
B2: Polo Jersey Dryfit Spandex - Sublim | C2: Total Harga/Pcs
B3: Bahan | C3: =SUM(J10:J11) -> 19090.909
B4: Aksesoris | C4: =SUM(J14:J21) -> 19683.233
B5: Pekerja | C5: =SUM(J24:J27) -> 12650
B6: Total Biaya Per Pcs | C6: =SUM(C3:D5) -> 51424.142
A8: BAHAN UTAMA
A9: NO | B9: BAHAN | C9: WARNA | D9: PEMAKAIAN | E9: UNIT | F9: KETERANGAN Pemakaian | G9: VENDOR | H9: HARGA ECER | I9: HARGA ROLL | J9: HARGA / PCS
A10: 1 | B10: Dryfit Strech (Drop Needle) | D10: =0.9/3.3 -> 0.27272727 | F10: 1 kg = 3.3 meter, 1 Pc=0.9M | G10: Ragam Bahan | H10: 70000 | J10: =D10*H10 -> 19090.909
A11: 2 | G11: Ragam Bahan | J11: =D11*H11 -> 0
A12: AKSESORIS
A13: NO | B13: BAHAN | C13: WARNA | D13: PEMAKAIAN | E13: UNIT | F13: KET. PEMAKAIAN | G13: VENDOR | H13: HARGA ECER | I13: HARGA ROLL | J13: HARGA / PCS
A14: 1 | B14: Benang Jahit | C14: Hitam | D14: =1/100 -> 0.01 | E14: Lusin | F14: 1 lusin jadi 100pc | G14: Toko 1001 | H14: 25000 | J14: =D14*H14 -> 250
A15: 2 | B15: Benang Obras | C15: Hitam | D15: =4/120 -> 0.033333333 | E15: Cones | F15: 4 cones jadi 120pc | G15: Toko 1001 | H15: 13000 | J15: =D15*H15 -> 433.33333
A16: 3 | B16: Label Size Bordir | C16: Hitam | D16: =1/100 -> 0.01 | E16: Golong | F16: 1 Golong Jadi 100 pc | G16: Toko 1001 | H16: 10000 | J16: =D16*H16 -> 100
A17: 4 | B17: Plastik Opp 30 Micron | C17: Bening | D17: 1 | E17: Pcs | F17: 1 Plastik 1 Pcs | G17: Mapan Plastik | H17: 370 | J17: =D17*H17 -> 370
A18: 5 | B18: Plastik Pp 50x60cm | C18: Bening | D18: =1/10 -> 0.1 | E18: Pcs | F18: 1 Plastik 10 Pcs | G18: Istana Plastik | H18: 587 | J18: =D18*H18 -> 58.7
A19: 6 | B19: Karung | C19: Putih | D19: =1/100 -> 0.01 | E19: Pcs | F19: 1 karung 100 pcs | G19: Cibadak | H19: 5000 | J19: =D19*H19 -> 50
A20: 7 | B20: Kain Keras | C20: Putih | D20: 0.1 | E20: Meter | F20: 0,5 untuk 12 pc | G20: Toko 1001 | H20: 4212 | J20: =D20*H20 -> 421.2
A21: 8 | B21: Sublim | D21: 1 | F21: 1 meter untuk 1 Pc | G21: cisarua | H21: 18000 | J21: =D21*H21 -> 18000
A22: Manufaktur
A23: NO | B23: WORK | D23: PEMAKAIAN | E23: UNIT | F23: KET. PEMAKAIAN | G23: VENDOR | H23: ESTIMASI MIN | J23: HARGA / PCS
A24: 1 | B24: Cutting T-Shirt | D24: 1 | E24: Pcs | G24: VML | H24: 2750 | J24: =D24*H24 -> 2750
A25: 2 | B25: Jahit T-Shirt | D25: 1 | E25: Pcs | G25: VML | H25: 6500 | J25: =D25*H25 -> 6500
A26: 3 | B26: QC T-Shirt | D26: 1 | E26: Pcs | G26: VML | H26: 2500 | J26: =D26*H26 -> 2500
A27: 4 | B27: Pasang Lubang Kancing | D27: 3 | E27: Pcs | G27: VML | H27: 300 | J27: =D27*H27 -> 900

Sheet 43. Polo Jersey Dryfit LS - Sub
B2: Polo Jersey Dryfit L/S - Sublim | C2: Total Harga/Pcs
B3: Bahan | C3: =SUM(J10:J11) -> 20000
B4: Aksesoris | C4: =SUM(J14:J21) -> 23283.233
B5: Pekerja | C5: =SUM(J24:J27) -> 12650
B6: Total Biaya Per Pcs | C6: =SUM(C3:D5) -> 55933.233
A8: BAHAN UTAMA
A9: NO | B9: BAHAN | C9: WARNA | D9: PEMAKAIAN | E9: UNIT | F9: KETERANGAN Pemakaian | G9: VENDOR | H9: HARGA ECER | I9: HARGA ROLL | J9: HARGA / PCS
A10: 1 | B10: Dryfit (brazil/benzema/milano) | D10: =1/3.3 -> 0.3030303 | F10: 1 kg = 3.3 meter, 1 Pc=1M | G10: Central | H10: 66000 | J10: =D10*H10 -> 20000
A11: 2 | G11: Central | J11: =D11*H11 -> 0
A12: AKSESORIS
A13: NO | B13: BAHAN | C13: WARNA | D13: PEMAKAIAN | E13: UNIT | F13: KET. PEMAKAIAN | G13: VENDOR | H13: HARGA ECER | I13: HARGA ROLL | J13: HARGA / PCS
A14: 1 | B14: Benang Jahit | C14: Hitam | D14: =1/100 -> 0.01 | E14: Lusin | F14: 1 lusin jadi 100pc | G14: Toko 1001 | H14: 25000 | J14: =D14*H14 -> 250
A15: 2 | B15: Benang Obras | C15: Hitam | D15: =4/120 -> 0.033333333 | E15: Cones | F15: 4 cones jadi 120pc | G15: Toko 1001 | H15: 13000 | J15: =D15*H15 -> 433.33333
A16: 3 | B16: Label Size Bordir | C16: Hitam | D16: =1/100 -> 0.01 | E16: Golong | F16: 1 Golong Jadi 100 pc | G16: Toko 1001 | H16: 10000 | J16: =D16*H16 -> 100
A17: 4 | B17: Plastik Opp 30 Micron | C17: Bening | D17: 1 | E17: Pcs | F17: 1 Plastik 1 Pcs | G17: Mapan Plastik | H17: 370 | J17: =D17*H17 -> 370
A18: 5 | B18: Plastik Pp 50x60cm | C18: Bening | D18: =1/10 -> 0.1 | E18: Pcs | F18: 1 Plastik 10 Pcs | G18: Istana Plastik | H18: 587 | J18: =D18*H18 -> 58.7
A19: 6 | B19: Karung | C19: Putih | D19: =1/100 -> 0.01 | E19: Pcs | F19: 1 karung 100 pcs | G19: Cibadak | H19: 5000 | J19: =D19*H19 -> 50
A20: 7 | B20: Kain Keras | C20: Putih | D20: 0.1 | E20: Meter | F20: 0,5 untuk 12 pc | G20: Toko 1001 | H20: 4212 | J20: =D20*H20 -> 421.2
A21: 8 | B21: Sublim | D21: 1.2 | F21: 1 meter untuk 1 Pc | G21: cisarua | H21: 18000 | J21: =D21*H21 -> 21600
A22: Manufaktur
A23: NO | B23: WORK | D23: PEMAKAIAN | E23: UNIT | F23: KET. PEMAKAIAN | G23: VENDOR | H23: ESTIMASI MIN | J23: HARGA / PCS
A24: 1 | B24: Cutting T-Shirt | D24: 1 | E24: Pcs | G24: VML | H24: 2750 | J24: =D24*H24 -> 2750
A25: 2 | B25: Jahit T-Shirt | D25: 1 | E25: Pcs | G25: VML | H25: 6500 | J25: =D25*H25 -> 6500
A26: 3 | B26: QC T-Shirt | D26: 1 | E26: Pcs | G26: VML | H26: 2500 | J26: =D26*H26 -> 2500
A27: 4 | B27: Pasang Lubang Kancing | D27: 3 | E27: Pcs | G27: VML | H27: 300 | J27: =D27*H27 -> 900

Sheet 44. Polo Jersey Dryfit Spandex 
B2: Polo Jersey Dryfit Spandex L/S - Sublim | C2: Total Harga/Pcs
B3: Bahan | C3: =SUM(J10:J11) -> 23333.333
B4: Aksesoris | C4: =SUM(J14:J21) -> 23283.233
B5: Pekerja | C5: =SUM(J24:J27) -> 12650
B6: Total Biaya Per Pcs | C6: =SUM(C3:D5) -> 59266.567
A8: BAHAN UTAMA
A9: NO | B9: BAHAN | C9: WARNA | D9: PEMAKAIAN | E9: UNIT | F9: KETERANGAN Pemakaian | G9: VENDOR | H9: HARGA ECER | I9: HARGA ROLL | J9: HARGA / PCS
A10: 1 | B10: Dryfit Strech (Drop Needle) | D10: =1.1/3.3 -> 0.33333333 | F10: 1 kg = 3.3 meter, 1 Pc=1.1M | G10: Ragam Bahan | H10: 70000 | J10: =D10*H10 -> 23333.333
A11: 2 | G11: Ragam Bahan | J11: =D11*H11 -> 0
A12: AKSESORIS
A13: NO | B13: BAHAN | C13: WARNA | D13: PEMAKAIAN | E13: UNIT | F13: KET. PEMAKAIAN | G13: VENDOR | H13: HARGA ECER | I13: HARGA ROLL | J13: HARGA / PCS
A14: 1 | B14: Benang Jahit | C14: Hitam | D14: =1/100 -> 0.01 | E14: Lusin | F14: 1 lusin jadi 100pc | G14: Toko 1001 | H14: 25000 | J14: =D14*H14 -> 250
A15: 2 | B15: Benang Obras | C15: Hitam | D15: =4/120 -> 0.033333333 | E15: Cones | F15: 4 cones jadi 120pc | G15: Toko 1001 | H15: 13000 | J15: =D15*H15 -> 433.33333
A16: 3 | B16: Label Size Bordir | C16: Hitam | D16: =1/100 -> 0.01 | E16: Golong | F16: 1 Golong Jadi 100 pc | G16: Toko 1001 | H16: 10000 | J16: =D16*H16 -> 100
A17: 4 | B17: Plastik Opp 30 Micron | C17: Bening | D17: 1 | E17: Pcs | F17: 1 Plastik 1 Pcs | G17: Mapan Plastik | H17: 370 | J17: =D17*H17 -> 370
A18: 5 | B18: Plastik Pp 50x60cm | C18: Bening | D18: =1/10 -> 0.1 | E18: Pcs | F18: 1 Plastik 10 Pcs | G18: Istana Plastik | H18: 587 | J18: =D18*H18 -> 58.7
A19: 6 | B19: Karung | C19: Putih | D19: =1/100 -> 0.01 | E19: Pcs | F19: 1 karung 100 pcs | G19: Cibadak | H19: 5000 | J19: =D19*H19 -> 50
A20: 7 | B20: Kain Keras | C20: Putih | D20: 0.1 | E20: Meter | F20: 0,5 untuk 12 pc | G20: Toko 1001 | H20: 4212 | J20: =D20*H20 -> 421.2
A21: 8 | B21: Sublim | D21: 1.2 | F21: 1 meter untuk 1 Pc | G21: cisarua | H21: 18000 | J21: =D21*H21 -> 21600
A22: Manufaktur
A23: NO | B23: WORK | D23: PEMAKAIAN | E23: UNIT | F23: KET. PEMAKAIAN | G23: VENDOR | H23: ESTIMASI MIN | J23: HARGA / PCS
A24: 1 | B24: Cutting T-Shirt | D24: 1 | E24: Pcs | G24: VML | H24: 2750 | J24: =D24*H24 -> 2750
A25: 2 | B25: Jahit T-Shirt | D25: 1 | E25: Pcs | G25: VML | H25: 6500 | J25: =D25*H25 -> 6500
A26: 3 | B26: QC T-Shirt | D26: 1 | E26: Pcs | G26: VML | H26: 2500 | J26: =D26*H26 -> 2500
A27: 4 | B27: Pasang Lubang Kancing | D27: 3 | E27: Pcs | G27: VML | H27: 300 | J27: =D27*H27 -> 900

Sheet 45. Polo Shirt Combed Premium S
B2: Polo Shirt Combed Premium S/S - Bordir | C2: Total Harga/Pcs
B3: Bahan | C3: =SUM(J10:J11) -> 34060
B4: Aksesoris | C4: =SUM(J14:J21) -> 11402.433
B5: Pekerja | C5: =SUM(J24:J27) -> 9400
B6: Total Biaya Per Pcs | C6: =SUM(C3:D5) -> 54862.433
A8: BAHAN UTAMA
A9: NO | B9: BAHAN | C9: WARNA | D9: PEMAKAIAN | E9: UNIT | F9: KETERANGAN Pemakaian | G9: VENDOR | H9: HARGA ECER | I9: HARGA ROLL | J9: HARGA / PCS
A10: 1 | B10: Combed Premium | C10: Hitam | D10: =1.1/5 -> 0.22 | E10: Kg | F10: 1.1 kg = 5 Pc | G10: Terang Mulia | H10: 123000 | J10: =D10*H10 -> 27060
A11: 2 | B11: Krah & Manset Lacoste Cvc 20s | C11: Hitam | D11: 1 | E11: set | G11: Central | H11: 7000 | J11: =D11*H11 -> 7000
A12: AKSESORIS
A13: NO | B13: BAHAN | C13: WARNA | D13: PEMAKAIAN | E13: UNIT | F13: KET. PEMAKAIAN | G13: VENDOR | H13: HARGA ECER | I13: HARGA ROLL | J13: HARGA / PCS
A14: 1 | B14: Benang Jahit | C14: Hitam | D14: =1/100 -> 0.01 | E14: Lusin | F14: 1 lusin jadi 100pc | G14: Toko 1001 | H14: 25000 | J14: =D14*H14 -> 250
A15: 2 | B15: Benang Obras | C15: Hitam | D15: =4/120 -> 0.033333333 | E15: Cones | F15: 4 cones jadi 120pc | G15: Toko 1001 | H15: 13000 | J15: =D15*H15 -> 433.33333
A16: 3 | B16: Label Size Bordir | C16: Hitam | D16: =1/100 -> 0.01 | E16: Golong | F16: 1 Golong Jadi 100 pc | G16: Toko 1001 | H16: 10000 | J16: =D16*H16 -> 100
A17: 4 | B17: Plastik Opp 30 Micron | C17: Bening | D17: 1 | E17: Pcs | F17: 1 Plastik 1 Pcs | G17: Mapan Plastik | H17: 370 | J17: =D17*H17 -> 370
A18: 5 | B18: Plastik Pp 50x60cm | C18: Bening | D18: =1/10 -> 0.1 | E18: Pcs | F18: 1 Plastik 10 Pcs | G18: Istana Plastik | H18: 587 | J18: =D18*H18 -> 58.7
A19: 6 | B19: Karung | C19: Putih | D19: =1/100 -> 0.01 | E19: Pcs | F19: 1 karung 100 pcs | G19: Cibadak | H19: 5000 | J19: =D19*H19 -> 50
A20: 7 | B20: Kain Keras | C20: Putih | D20: =1/30 -> 0.033333333 | E20: Meter | F20: 1 Meter Untuk 30 Pcs Kain Kras | G20: Toko 1001 | H20: 4212 | J20: =D20*H20 -> 140.4
A21: 8 | B21: Bordir | C21: 2 Logo | D21: 1 | G21: Andry Bordir | H21: 10000 | J21: =D21*H21 -> 10000
A22: Manufaktur
A23: NO | B23: WORK | D23: PEMAKAIAN | E23: UNIT | F23: KET. PEMAKAIAN | G23: VENDOR | H23: ESTIMASI MIN | J23: HARGA / PCS
A24: 1 | B24: Cutting T-Shirt | D24: 1 | E24: Pcs | G24: VML | H24: 1500 | J24: =D24*H24 -> 1500
A25: 2 | B25: Jahit T-Shirt | D25: 1 | E25: Pcs | G25: VML | H25: 5000 | J25: =D25*H25 -> 5000
A26: 3 | B26: QC T-Shirt | D26: 1 | E26: Pcs | G26: VML | H26: 2000 | J26: =D26*H26 -> 2000
A27: 4 | B27: Pasang Lubang Kancing | D27: 3 | E27: Pcs | G27: VML | H27: 300 | J27: =D27*H27 -> 900

Sheet 46. Polo Shirt Custom 
B2: Polo Shirt Custom | C2: Total Harga/Pcs
B3: Bahan | C3: =SUM(J10:J11) -> 23285.714
B4: Aksesoris | C4: =SUM(J14:J21) -> 21402.433
B5: Pekerja | C5: =SUM(J24:J27) -> 9400
B6: Total Biaya Per Pcs | C6: =SUM(C3:D5) -> 54088.148
A8: BAHAN UTAMA
A9: NO | B9: BAHAN | C9: WARNA | D9: PEMAKAIAN | E9: UNIT | F9: KETERANGAN Pemakaian | G9: VENDOR | H9: HARGA ECER | I9: HARGA ROLL | J9: HARGA / PCS
A10: 1 | B10: Lacoste Cvc 20s | C10: Hitam | D10: =1/3.5 -> 0.28571429 | E10: Kg | F10: 1 kg = 3.5 Pc | G10: Subur Makmur | H10: 57000 | J10: =D10*H10 -> 16285.714
A11: 2 | B11: Krah & Manset Lacoste Cvc 20s | C11: Hitam | D11: 1 | E11: set | G11: Central | H11: 7000 | J11: =D11*H11 -> 7000
A12: AKSESORIS
A13: NO | B13: BAHAN | C13: WARNA | D13: PEMAKAIAN | E13: UNIT | F13: KET. PEMAKAIAN | G13: VENDOR | H13: HARGA ECER | I13: HARGA ROLL | J13: HARGA / PCS
A14: 1 | B14: Benang Jahit | C14: Hitam | D14: =1/100 -> 0.01 | E14: Lusin | F14: 1 lusin jadi 100pc | G14: Toko 1001 | H14: 25000 | J14: =D14*H14 -> 250
A15: 2 | B15: Benang Obras | C15: Hitam | D15: =4/120 -> 0.033333333 | E15: Cones | F15: 4 cones jadi 120pc | G15: Toko 1001 | H15: 13000 | J15: =D15*H15 -> 433.33333
A16: 3 | B16: Label Size Bordir | C16: Hitam | D16: =1/100 -> 0.01 | E16: Golong | F16: 1 Golong Jadi 100 pc | G16: Toko 1001 | H16: 10000 | J16: =D16*H16 -> 100
A17: 4 | B17: Plastik Opp 30 Micron | C17: Bening | D17: 1 | E17: Pcs | F17: 1 Plastik 1 Pcs | G17: Mapan Plastik | H17: 370 | J17: =D17*H17 -> 370
A18: 5 | B18: Plastik Pp 50x60cm | C18: Bening | D18: =1/10 -> 0.1 | E18: Pcs | F18: 1 Plastik 10 Pcs | G18: Istana Plastik | H18: 587 | J18: =D18*H18 -> 58.7
A19: 6 | B19: Karung | C19: Putih | D19: =1/100 -> 0.01 | E19: Pcs | F19: 1 karung 100 pcs | G19: Cibadak | H19: 5000 | J19: =D19*H19 -> 50
A20: 7 | B20: Kain Keras | C20: Putih | D20: =1/30 -> 0.033333333 | E20: Meter | F20: 1 Meter Untuk 30 Pcs Kain Kras | G20: Toko 1001 | H20: 4212 | J20: =D20*H20 -> 140.4
A21: 8 | B21: Bordir | C21: 2 Logo | D21: 1 | G21: Andry Bordir | H21: 20000 | J21: =D21*H21 -> 20000
A22: Manufaktur
A23: NO | B23: WORK | D23: PEMAKAIAN | E23: UNIT | F23: KET. PEMAKAIAN | G23: VENDOR | H23: ESTIMASI MIN | J23: HARGA / PCS
A24: 1 | B24: Cutting T-Shirt | D24: 1 | E24: Pcs | G24: VML | H24: 1500 | J24: =D24*H24 -> 1500
A25: 2 | B25: Jahit T-Shirt | D25: 1 | E25: Pcs | G25: VML | H25: 5000 | J25: =D25*H25 -> 5000
A26: 3 | B26: QC T-Shirt | D26: 1 | E26: Pcs | G26: VML | H26: 2000 | J26: =D26*H26 -> 2000
A27: 4 | B27: Pasang Lubang Kancing | D27: 3 | E27: Pcs | G27: VML | H27: 300 | J27: =D27*H27 -> 900

Sheet 47. Polo Shirt Combed Premium L
B2: Polo Shirt Combed Premium L/S - Bordir | C2: Total Harga/Pcs
B3: Bahan | C3: =SUM(J10:J11) -> 37750
B4: Aksesoris | C4: =SUM(J14:J21) -> 11402.433
B5: Pekerja | C5: =SUM(J24:J27) -> 9400
B6: Total Biaya Per Pcs | C6: =SUM(C3:D5) -> 58552.433
A8: BAHAN UTAMA
A9: NO | B9: BAHAN | C9: WARNA | D9: PEMAKAIAN | E9: UNIT | F9: KETERANGAN Pemakaian | G9: VENDOR | H9: HARGA ECER | I9: HARGA ROLL | J9: HARGA / PCS
A10: 1 | B10: Combed Premium | C10: Hitam | D10: =1/4 -> 0.25 | E10: Kg | F10: 0.95 kg = 4 Pc | G10: Terang Mulia | H10: 123000 | J10: =D10*H10 -> 30750
A11: 2 | B11: Krah & Manset Lacoste Cvc 20s | C11: Hitam | D11: 1 | E11: set | G11: Central | H11: 7000 | J11: =D11*H11 -> 7000
A12: AKSESORIS
A13: NO | B13: BAHAN | C13: WARNA | D13: PEMAKAIAN | E13: UNIT | F13: KET. PEMAKAIAN | G13: VENDOR | H13: HARGA ECER | I13: HARGA ROLL | J13: HARGA / PCS
A14: 1 | B14: Benang Jahit | C14: Hitam | D14: =1/100 -> 0.01 | E14: Lusin | F14: 1 lusin jadi 100pc | G14: Toko 1001 | H14: 25000 | J14: =D14*H14 -> 250
A15: 2 | B15: Benang Obras | C15: Hitam | D15: =4/120 -> 0.033333333 | E15: Cones | F15: 4 cones jadi 120pc | G15: Toko 1001 | H15: 13000 | J15: =D15*H15 -> 433.33333
A16: 3 | B16: Label Size Bordir | C16: Hitam | D16: =1/100 -> 0.01 | E16: Golong | F16: 1 Golong Jadi 100 pc | G16: Toko 1001 | H16: 10000 | J16: =D16*H16 -> 100
A17: 4 | B17: Plastik Opp 30 Micron | C17: Bening | D17: 1 | E17: Pcs | F17: 1 Plastik 1 Pcs | G17: Mapan Plastik | H17: 370 | J17: =D17*H17 -> 370
A18: 5 | B18: Plastik Pp 50x60cm | C18: Bening | D18: =1/10 -> 0.1 | E18: Pcs | F18: 1 Plastik 10 Pcs | G18: Istana Plastik | H18: 587 | J18: =D18*H18 -> 58.7
A19: 6 | B19: Karung | C19: Putih | D19: =1/100 -> 0.01 | E19: Pcs | F19: 1 karung 100 pcs | G19: Cibadak | H19: 5000 | J19: =D19*H19 -> 50
A20: 7 | B20: Kain Keras | C20: Putih | D20: =1/30 -> 0.033333333 | E20: Meter | F20: 1 Meter Untuk 30 Pcs Kain Kras | G20: Toko 1001 | H20: 4212 | J20: =D20*H20 -> 140.4
A21: 8 | B21: Bordir | C21: 2 Logo | D21: 1 | G21: Andry Bordir | H21: 10000 | J21: =D21*H21 -> 10000
A22: Manufaktur
A23: NO | B23: WORK | D23: PEMAKAIAN | E23: UNIT | F23: KET. PEMAKAIAN | G23: VENDOR | H23: ESTIMASI MIN | J23: HARGA / PCS
A24: 1 | B24: Cutting T-Shirt | D24: 1 | E24: Pcs | G24: VML | H24: 1500 | J24: =D24*H24 -> 1500
A25: 2 | B25: Jahit T-Shirt | D25: 1 | E25: Pcs | G25: VML | H25: 5000 | J25: =D25*H25 -> 5000
A26: 3 | B26: QC T-Shirt | D26: 1 | E26: Pcs | G26: VML | H26: 2000 | J26: =D26*H26 -> 2000
A27: 4 | B27: Pasang Lubang Kancing | D27: 3 | E27: Pcs | G27: VML | H27: 300 | J27: =D27*H27 -> 900

Sheet 48. Polo Shirt Custom-Bordir
B2: Polo Shirt Soft S/S - Custom Bordir | C2: Total Harga/Pcs
B3: Bahan | C3: =SUM(J10:J11) -> 29450
B4: Aksesoris | C4: =SUM(J14:J21) -> 1402.4333
B5: Pekerja | C5: =SUM(J24:J27) -> 9900
B6: Total Biaya Per Pcs | C6: =SUM(C3:D5) -> 40752.433
A8: BAHAN UTAMA
A9: NO | B9: BAHAN | C9: WARNA | D9: PEMAKAIAN | E9: UNIT | F9: KETERANGAN Pemakaian | G9: VENDOR | H9: HARGA ECER | I9: HARGA ROLL | J9: HARGA / PCS
A10: 1 | B10: Lacoste Cvc 20s | C10: Hitam | D10: =1.05/3 -> 0.35 | E10: Kg | F10: 1,05kg = 3 Pc | G10: Subur Makmur | H10: 57000 | J10: =D10*H10 -> 19950
A11: 2 | B11: Krah Manset Pique Hexagon 24s | C11: Hitam | D11: 1 | E11: set | G11: PT. Knitto Tekstil Indonesia | H11: 9500 | J11: =D11*H11 -> 9500
A12: AKSESORIS
A13: NO | B13: BAHAN | C13: WARNA | D13: PEMAKAIAN | E13: UNIT | F13: KET. PEMAKAIAN | G13: VENDOR | H13: HARGA ECER | I13: HARGA ROLL | J13: HARGA / PCS
A14: 1 | B14: Benang Jahit | C14: Hitam | D14: =1/100 -> 0.01 | E14: Lusin | F14: 1 lusin jadi 100pc | G14: Toko 1001 | H14: 25000 | J14: =D14*H14 -> 250
A15: 2 | B15: Benang Obras | C15: Hitam | D15: =4/120 -> 0.033333333 | E15: Cones | F15: 4 cones jadi 120pc | G15: Toko 1001 | H15: 13000 | J15: =D15*H15 -> 433.33333
A16: 3 | B16: Label Size Bordir | C16: Hitam | D16: =1/100 -> 0.01 | E16: Golong | F16: 1 Golong Jadi 100 pc | G16: Toko 1001 | H16: 10000 | J16: =D16*H16 -> 100
A17: 4 | B17: Plastik Opp 30 Micron | C17: Bening | D17: 1 | E17: Pcs | F17: 1 Plastik 1 Pcs | G17: Mapan Plastik | H17: 370 | J17: =D17*H17 -> 370
A18: 5 | B18: Plastik Pp 50x60cm | C18: Bening | D18: =1/10 -> 0.1 | E18: Pcs | F18: 1 Plastik 10 Pcs | G18: Istana Plastik | H18: 587 | J18: =D18*H18 -> 58.7
A19: 6 | B19: Karung | C19: Putih | D19: =1/100 -> 0.01 | E19: Pcs | F19: 1 karung 100 pcs | G19: Cibadak | H19: 5000 | J19: =D19*H19 -> 50
A20: 7 | B20: Kain Keras | C20: Putih | D20: =1/30 -> 0.033333333 | E20: Meter | F20: 1 Meter Untuk 30 Pcs Kain Kras | G20: Toko 1001 | H20: 4212 | J20: =D20*H20 -> 140.4
A21: 8 | J21: =D21*H21 -> 0
A22: Manufaktur
A23: NO | B23: WORK | D23: PEMAKAIAN | E23: UNIT | F23: KET. PEMAKAIAN | G23: VENDOR | H23: ESTIMASI MIN | J23: HARGA / PCS
A24: 1 | B24: Cutting T-Shirt | D24: 1 | E24: Pcs | G24: VML | H24: 2000 | J24: =D24*H24 -> 2000
A25: 2 | B25: Jahit T-Shirt | D25: 1 | E25: Pcs | G25: VML | H25: 5000 | J25: =D25*H25 -> 5000
A26: 3 | B26: QC T-Shirt | D26: 1 | E26: Pcs | G26: VML | H26: 2000 | J26: =D26*H26 -> 2000
A27: 4 | B27: Pasang Lubang Kancing | D27: 3 | E27: Pcs | G27: VML | H27: 300 | J27: =D27*H27 -> 900

Sheet 49. Polo Shirt Lacoste Pique Pr
B2: Polo Shirt Pique S/S - Bordir | C2: Total Harga/Pcs
B3: Bahan | C3: =SUM(J10:J11) -> 44642.857
B4: Aksesoris | C4: =SUM(J14:J21) -> 11402.433
B5: Pekerja | C5: =SUM(J24:J27) -> 9900
B6: Total Biaya Per Pcs | C6: =SUM(C3:D5) -> 65945.29
A8: BAHAN UTAMA
A9: NO | B9: BAHAN | C9: WARNA | D9: PEMAKAIAN | E9: UNIT | F9: KETERANGAN Pemakaian | G9: VENDOR | H9: HARGA ECER | I9: HARGA ROLL | J9: HARGA / PCS
A10: 1 | B10: Pique Hexagon 24s | C10: Hitam | D10: =1/3.5 -> 0.28571429 | E10: Kg | F10: 1 kg untuk 3.5 pc | G10: PT. Knitto Tekstil Indonesia | H10: 123000 | I10: 118000 | J10: =D10*H10 -> 35142.857
A11: 2 | B11: Krah Manset Pique Hexagon 24s | C11: Hitam | D11: 1 | E11: set | G11: PT. Knitto Tekstil Indonesia | H11: 9500 | J11: =D11*H11 -> 9500
A12: AKSESORIS
A13: NO | B13: BAHAN | C13: WARNA | D13: PEMAKAIAN | E13: UNIT | F13: KET. PEMAKAIAN | G13: VENDOR | H13: HARGA ECER | I13: HARGA ROLL | J13: HARGA / PCS
A14: 1 | B14: Benang Jahit | C14: Hitam | D14: =1/100 -> 0.01 | E14: Lusin | F14: 1 lusin jadi 100pc | G14: Toko 1001 | H14: 25000 | J14: =D14*H14 -> 250
A15: 2 | B15: Benang Obras | C15: Hitam | D15: =4/120 -> 0.033333333 | E15: Cones | F15: 4 cones jadi 120pc | G15: Toko 1001 | H15: 13000 | J15: =D15*H15 -> 433.33333
A16: 3 | B16: Label Size Bordir | C16: Hitam | D16: =1/100 -> 0.01 | E16: Golong | F16: 1 Golong Jadi 100 pc | G16: Toko 1001 | H16: 10000 | J16: =D16*H16 -> 100
A17: 4 | B17: Plastik Opp 30 Micron | C17: Bening | D17: 1 | E17: Pcs | F17: 1 Plastik 1 Pcs | G17: Mapan Plastik | H17: 370 | J17: =D17*H17 -> 370
A18: 5 | B18: Plastik Pp 50x60cm | C18: Bening | D18: =1/10 -> 0.1 | E18: Pcs | F18: 1 Plastik 10 Pcs | G18: Istana Plastik | H18: 587 | J18: =D18*H18 -> 58.7
A19: 6 | B19: Karung | C19: Putih | D19: =1/100 -> 0.01 | E19: Pcs | F19: 1 karung 100 pcs | G19: Cibadak | H19: 5000 | J19: =D19*H19 -> 50
A20: 7 | B20: Kain Keras | C20: Putih | D20: =1/30 -> 0.033333333 | E20: Meter | F20: 1 Meter Untuk 30 Pcs Kain Kras | G20: Toko 1001 | H20: 4212 | J20: =D20*H20 -> 140.4
A21: 8 | B21: Bordir | D21: 1 | E21: Pcs | F21: 2 titik | H21: 10000 | J21: =D21*H21 -> 10000
A22: Manufaktur
A23: NO | B23: WORK | D23: PEMAKAIAN | E23: UNIT | F23: KET. PEMAKAIAN | G23: VENDOR | H23: ESTIMASI MIN | J23: HARGA / PCS
A24: 1 | B24: Cutting T-Shirt | D24: 1 | E24: Pcs | G24: VML | H24: 2000 | J24: =D24*H24 -> 2000
A25: 2 | B25: Jahit T-Shirt | D25: 1 | E25: Pcs | G25: VML | H25: 5000 | J25: =D25*H25 -> 5000
A26: 3 | B26: QC T-Shirt | D26: 1 | E26: Pcs | G26: VML | H26: 2000 | J26: =D26*H26 -> 2000
A27: 4 | B27: Pasang Lubang Kancing | D27: 3 | E27: Pcs | G27: VML | H27: 300 | J27: =D27*H27 -> 900

Sheet 50. Polo Shirt Lacoste Pique Pr
B2: Polo Shirt Pique S/S - Custom Bordir | C2: Total Harga/Pcs
B3: Bahan | C3: =SUM(J10:J11) -> 44642.857
B4: Aksesoris | C4: =SUM(J14:J21) -> 21402.433
B5: Pekerja | C5: =SUM(J24:J27) -> 9400
B6: Total Biaya Per Pcs | C6: =SUM(C3:D5) -> 75445.29
A8: BAHAN UTAMA
A9: NO | B9: BAHAN | C9: WARNA | D9: PEMAKAIAN | E9: UNIT | F9: KETERANGAN Pemakaian | G9: VENDOR | H9: HARGA ECER | I9: HARGA ROLL | J9: HARGA / PCS
A10: 1 | B10: Pique Hexagon 24s | C10: Hitam | D10: =1/3.5 -> 0.28571429 | E10: Kg | F10: 1 kg untuk 3.5 pc | G10: PT. Knitto Tekstil Indonesia | H10: 123000 | I10: 118000 | J10: =D10*H10 -> 35142.857
A11: 2 | B11: Krah Manset Pique Hexagon 24s | C11: Hitam | D11: 1 | E11: set | G11: PT. Knitto Tekstil Indonesia | H11: 9500 | J11: =D11*H11 -> 9500
A12: AKSESORIS
A13: NO | B13: BAHAN | C13: WARNA | D13: PEMAKAIAN | E13: UNIT | F13: KET. PEMAKAIAN | G13: VENDOR | H13: HARGA ECER | I13: HARGA ROLL | J13: HARGA / PCS
A14: 1 | B14: Benang Jahit | C14: Hitam | D14: =1/100 -> 0.01 | E14: Lusin | F14: 1 lusin jadi 100pc | G14: Toko 1001 | H14: 25000 | J14: =D14*H14 -> 250
A15: 2 | B15: Benang Obras | C15: Hitam | D15: =4/120 -> 0.033333333 | E15: Cones | F15: 4 cones jadi 120pc | G15: Toko 1001 | H15: 13000 | J15: =D15*H15 -> 433.33333
A16: 3 | B16: Label Size Bordir | C16: Hitam | D16: =1/100 -> 0.01 | E16: Golong | F16: 1 Golong Jadi 100 pc | G16: Toko 1001 | H16: 10000 | J16: =D16*H16 -> 100
A17: 4 | B17: Plastik Opp 30 Micron | C17: Bening | D17: 1 | E17: Pcs | F17: 1 Plastik 1 Pcs | G17: Mapan Plastik | H17: 370 | J17: =D17*H17 -> 370
A18: 5 | B18: Plastik Pp 50x60cm | C18: Bening | D18: =1/10 -> 0.1 | E18: Pcs | F18: 1 Plastik 10 Pcs | G18: Istana Plastik | H18: 587 | J18: =D18*H18 -> 58.7
A19: 6 | B19: Karung | C19: Putih | D19: =1/100 -> 0.01 | E19: Pcs | F19: 1 karung 100 pcs | G19: Cibadak | H19: 5000 | J19: =D19*H19 -> 50
A20: 7 | B20: Kain Keras | C20: Putih | D20: =1/30 -> 0.033333333 | E20: Meter | F20: 1 Meter Untuk 30 Pcs Kain Kras | G20: Toko 1001 | H20: 4212 | J20: =D20*H20 -> 140.4
A21: 8 | B21: Bordir | C21: 2 Logo | D21: 1 | G21: Andry Bordir | H21: 20000 | J21: =D21*H21 -> 20000
A22: Manufaktur
A23: NO | B23: WORK | D23: PEMAKAIAN | E23: UNIT | F23: KET. PEMAKAIAN | G23: VENDOR | H23: ESTIMASI MIN | J23: HARGA / PCS
A24: 1 | B24: Cutting T-Shirt | D24: 1 | E24: Pcs | G24: VML | H24: 1500 | J24: =D24*H24 -> 1500
A25: 2 | B25: Jahit T-Shirt | D25: 1 | E25: Pcs | G25: VML | H25: 5000 | J25: =D25*H25 -> 5000
A26: 3 | B26: QC T-Shirt | D26: 1 | E26: Pcs | G26: VML | H26: 2000 | J26: =D26*H26 -> 2000
A27: 4 | B27: Pasang Lubang Kancing | D27: 3 | E27: Pcs | G27: VML | H27: 300 | J27: =D27*H27 -> 900

Sheet 51. Polo Shirt Lacoste Pique Pr
B2: Polo Shirt Pique L/S - Bordir | C2: Total Harga/Pcs
B3: Bahan | C3: =SUM(J10:J11) -> 43050
B4: Aksesoris | C4: =SUM(J14:J21) -> 11402.433
B5: Pekerja | C5: =SUM(J24:J27) -> 10400
B6: Total Biaya Per Pcs | C6: =SUM(C3:D5) -> 64852.433
A8: BAHAN UTAMA
A9: NO | B9: BAHAN | C9: WARNA | D9: PEMAKAIAN | E9: UNIT | F9: KETERANGAN Pemakaian | G9: VENDOR | H9: HARGA ECER | I9: HARGA ROLL | J9: HARGA / PCS
A10: 1 | B10: Pique Hexagon 24s | C10: Hitam | D10: =1.05/3 -> 0.35 | E10: Kg | F10: 1,05kg = 3 Pc | G10: PT. Knitto Tekstil Indonesia | H10: 123000 | I10: 118000 | J10: =D10*H10 -> 43050
A11: 2 | B11: Krah Manset Pique Hexagon 24s | C11: Hitam | E11: Kg | G11: PT. Knitto Tekstil Indonesia | J11: =D11*H11 -> 0
A12: AKSESORIS
A13: NO | B13: BAHAN | C13: WARNA | D13: PEMAKAIAN | E13: UNIT | F13: KET. PEMAKAIAN | G13: VENDOR | H13: HARGA ECER | I13: HARGA ROLL | J13: HARGA / PCS
A14: 1 | B14: Benang Jahit | C14: Hitam | D14: =1/100 -> 0.01 | E14: Lusin | F14: 1 lusin jadi 100pc | G14: Toko 1001 | H14: 25000 | J14: =D14*H14 -> 250
A15: 2 | B15: Benang Obras | C15: Hitam | D15: =4/120 -> 0.033333333 | E15: Cones | F15: 4 cones jadi 120pc | G15: Toko 1001 | H15: 13000 | J15: =D15*H15 -> 433.33333
A16: 3 | B16: Label Size Bordir | C16: Hitam | D16: =1/100 -> 0.01 | E16: Golong | F16: 1 Golong Jadi 100 pc | G16: Toko 1001 | H16: 10000 | J16: =D16*H16 -> 100
A17: 4 | B17: Plastik Opp 30 Micron | C17: Bening | D17: 1 | E17: Pcs | F17: 1 Plastik 1 Pcs | G17: Mapan Plastik | H17: 370 | J17: =D17*H17 -> 370
A18: 5 | B18: Plastik Pp 50x60cm | C18: Bening | D18: =1/10 -> 0.1 | E18: Pcs | F18: 1 Plastik 10 Pcs | G18: Istana Plastik | H18: 587 | J18: =D18*H18 -> 58.7
A19: 6 | B19: Karung | C19: Putih | D19: =1/100 -> 0.01 | E19: Pcs | F19: 1 karung 100 pcs | G19: Cibadak | H19: 5000 | J19: =D19*H19 -> 50
A20: 7 | B20: Kain Keras | C20: Putih | D20: =1/30 -> 0.033333333 | E20: Meter | F20: 1 Meter Untuk 30 Pcs Kain Kras | G20: Toko 1001 | H20: 4212 | J20: =D20*H20 -> 140.4
B21: Bordir | C21: 2 Logo | D21: 1 | G21: Andry Bordir | H21: 10000 | J21: =D21*H21 -> 10000
A22: Manufaktur
A23: NO | B23: WORK | D23: PEMAKAIAN | E23: UNIT | F23: KET. PEMAKAIAN | G23: VENDOR | H23: ESTIMASI MIN | J23: HARGA / PCS
A24: 1 | B24: Cutting T-Shirt | D24: 1 | E24: Pcs | G24: VML | H24: 1500 | J24: =D24*H24 -> 1500
A25: 2 | B25: Jahit T-Shirt | D25: 1 | E25: Pcs | G25: VML | H25: 6000 | J25: =D25*H25 -> 6000
A26: 3 | B26: QC T-Shirt | D26: 1 | E26: Pcs | G26: VML | H26: 2000 | J26: =D26*H26 -> 2000
A27: 4 | B27: Pasang Lubang Kancing | D27: 3 | E27: Pcs | G27: VML | H27: 300 | J27: =D27*H27 -> 900

Sheet 52. Polo Shirt Lacoste Premium 
B2: Polo Shirt Pique L/S - Custom Bordir | C2: Total Harga/Pcs
B3: Bahan | C3: =SUM(J10:J11) -> 52550
B4: Aksesoris | C4: =SUM(J14:J21) -> 21402.433
B5: Pekerja | C5: =SUM(J24:J27) -> 10400
B6: Total Biaya Per Pcs | C6: =SUM(C3:D5) -> 84352.433
A8: BAHAN UTAMA
A9: NO | B9: BAHAN | C9: WARNA | D9: PEMAKAIAN | E9: UNIT | F9: KETERANGAN Pemakaian | G9: VENDOR | H9: HARGA ECER | I9: HARGA ROLL | J9: HARGA / PCS
A10: 1 | B10: Pique Hexagon 24s | C10: Hitam | D10: =1.05/3 -> 0.35 | E10: Kg | F10: 1,05kg = 3 Pc | G10: PT. Knitto Tekstil Indonesia | H10: 123000 | I10: 118000 | J10: =D10*H10 -> 43050
A11: 2 | B11: Krah Manset Pique Hexagon 24s | C11: Hitam | D11: 1 | E11: set | G11: PT. Knitto Tekstil Indonesia | H11: 9500 | J11: =D11*H11 -> 9500
A12: AKSESORIS
A13: NO | B13: BAHAN | C13: WARNA | D13: PEMAKAIAN | E13: UNIT | F13: KET. PEMAKAIAN | G13: VENDOR | H13: HARGA ECER | I13: HARGA ROLL | J13: HARGA / PCS
A14: 1 | B14: Benang Jahit | C14: Hitam | D14: =1/100 -> 0.01 | E14: Lusin | F14: 1 lusin jadi 100pc | G14: Toko 1001 | H14: 25000 | J14: =D14*H14 -> 250
A15: 2 | B15: Benang Obras | C15: Hitam | D15: =4/120 -> 0.033333333 | E15: Cones | F15: 4 cones jadi 120pc | G15: Toko 1001 | H15: 13000 | J15: =D15*H15 -> 433.33333
A16: 3 | B16: Label Size Bordir | C16: Hitam | D16: =1/100 -> 0.01 | E16: Golong | F16: 1 Golong Jadi 100 pc | G16: Toko 1001 | H16: 10000 | J16: =D16*H16 -> 100
A17: 4 | B17: Plastik Opp 30 Micron | C17: Bening | D17: 1 | E17: Pcs | F17: 1 Plastik 1 Pcs | G17: Mapan Plastik | H17: 370 | J17: =D17*H17 -> 370
A18: 5 | B18: Plastik Pp 50x60cm | C18: Bening | D18: =1/10 -> 0.1 | E18: Pcs | F18: 1 Plastik 10 Pcs | G18: Istana Plastik | H18: 587 | J18: =D18*H18 -> 58.7
A19: 6 | B19: Karung | C19: Putih | D19: =1/100 -> 0.01 | E19: Pcs | F19: 1 karung 100 pcs | G19: Cibadak | H19: 5000 | J19: =D19*H19 -> 50
A20: 7 | B20: Kain Keras | C20: Putih | D20: =1/30 -> 0.033333333 | E20: Meter | F20: 1 Meter Untuk 30 Pcs Kain Kras | G20: Toko 1001 | H20: 4212 | J20: =D20*H20 -> 140.4
A21: 8 | B21: Bordir | C21: 2 Logo | D21: 1 | G21: Andry Bordir | H21: 20000 | J21: =D21*H21 -> 20000
A22: Manufaktur
A23: NO | B23: WORK | D23: PEMAKAIAN | E23: UNIT | F23: KET. PEMAKAIAN | G23: VENDOR | H23: ESTIMASI MIN | J23: HARGA / PCS
A24: 1 | B24: Cutting T-Shirt | D24: 1 | E24: Pcs | G24: VML | H24: 1500 | J24: =D24*H24 -> 1500
A25: 2 | B25: Jahit T-Shirt | D25: 1 | E25: Pcs | G25: VML | H25: 6000 | J25: =D25*H25 -> 6000
A26: 3 | B26: QC T-Shirt | D26: 1 | E26: Pcs | G26: VML | H26: 2000 | J26: =D26*H26 -> 2000
A27: 4 | B27: Pasang Lubang Kancing | D27: 3 | E27: Pcs | G27: VML | H27: 300 | J27: =D27*H27 -> 900

Sheet 53. Polo Shirt Lacoste Pique Re
B2: Polo Shirt Pique Reguler S/S - Bordir | C2: Total Harga/Pcs
B3: Bahan | C3: =SUM(J10:J11) -> 36142.857
B4: Aksesoris | C4: =SUM(J14:J21) -> 11402.433
B5: Pekerja | C5: =SUM(J24:J27) -> 10900
B6: Total Biaya Per Pcs | C6: =SUM(C3:D5) -> 58445.29
A8: BAHAN UTAMA
A9: NO | B9: BAHAN | C9: WARNA | D9: PEMAKAIAN | E9: UNIT | F9: KETERANGAN Pemakaian | G9: VENDOR | H9: HARGA ECER | I9: HARGA ROLL | J9: HARGA / PCS
A10: 1 | B10: Lacoste CVC 20s | C10: Hitam | D10: =1/3.5 -> 0.28571429 | E10: Kg | F10: 1 kg untuk 3.5 pc | G10: Subur Makmur | H10: 102000 | I10: 92000 | J10: =D10*H10 -> 29142.857
A11: 2 | B11: Krah Manset Lacoste CVC | C11: Hitam | D11: 1 | E11: set | G11: Subur Makmur | H11: 7000 | J11: =D11*H11 -> 7000
A12: AKSESORIS
A13: NO | B13: BAHAN | C13: WARNA | D13: PEMAKAIAN | E13: UNIT | F13: KET. PEMAKAIAN | G13: VENDOR | H13: HARGA ECER | I13: HARGA ROLL | J13: HARGA / PCS
A14: 1 | B14: Benang Jahit | C14: Hitam | D14: =1/100 -> 0.01 | E14: Lusin | F14: 1 lusin jadi 100pc | G14: Toko 1001 | H14: 25000 | J14: =D14*H14 -> 250
A15: 2 | B15: Benang Obras | C15: Hitam | D15: =4/120 -> 0.033333333 | E15: Cones | F15: 4 cones jadi 120pc | G15: Toko 1001 | H15: 13000 | J15: =D15*H15 -> 433.33333
A16: 3 | B16: Label Size Bordir | C16: Hitam | D16: =1/100 -> 0.01 | E16: Golong | F16: 1 Golong Jadi 100 pc | G16: Toko 1001 | H16: 10000 | J16: =D16*H16 -> 100
A17: 4 | B17: Plastik Opp 30 Micron | C17: Bening | D17: 1 | E17: Pcs | F17: 1 Plastik 1 Pcs | G17: Mapan Plastik | H17: 370 | J17: =D17*H17 -> 370
A18: 5 | B18: Plastik Pp 50x60cm | C18: Bening | D18: =1/10 -> 0.1 | E18: Pcs | F18: 1 Plastik 10 Pcs | G18: Istana Plastik | H18: 587 | J18: =D18*H18 -> 58.7
A19: 6 | B19: Karung | C19: Putih | D19: =1/100 -> 0.01 | E19: Pcs | F19: 1 karung 100 pcs | G19: Cibadak | H19: 5000 | J19: =D19*H19 -> 50
A20: 7 | B20: Kain Keras | C20: Putih | D20: =1/30 -> 0.033333333 | E20: Meter | F20: 1 Meter Untuk 30 Pcs Kain Kras | G20: Toko 1001 | H20: 4212 | J20: =D20*H20 -> 140.4
A21: 8 | B21: Bordir | D21: 1 | E21: Pcs | F21: 2 titik | G21: Andry | H21: 10000 | J21: =D21*H21 -> 10000
A22: Manufaktur
A23: NO | B23: WORK | D23: PEMAKAIAN | E23: UNIT | F23: KET. PEMAKAIAN | G23: VENDOR | H23: ESTIMASI MIN | J23: HARGA / PCS
A24: 1 | B24: Cutting T-Shirt | D24: 1 | E24: Pcs | G24: VML | H24: 2000 | J24: =D24*H24 -> 2000
A25: 2 | B25: Jahit T-Shirt | D25: 1 | E25: Pcs | G25: VML | H25: 6000 | J25: =D25*H25 -> 6000
A26: 3 | B26: QC T-Shirt | D26: 1 | E26: Pcs | G26: VML | H26: 2000 | J26: =D26*H26 -> 2000
A27: 4 | B27: Pasang Lubang Kancing | D27: 3 | E27: Pcs | G27: VML | H27: 300 | J27: =D27*H27 -> 900

Sheet 54. Polo Shirt Lacoste Pique Re
B2: Polo Shirt Pique Reguler S/S - Custom Bordir | C2: Total Harga/Pcs
B3: Bahan | C3: =SUM(J10:J11) -> 36142.857
B4: Aksesoris | C4: =SUM(J14:J21) -> 21402.433
B5: Pekerja | C5: =SUM(J24:J27) -> 10400
B6: Total Biaya Per Pcs | C6: =SUM(C3:D5) -> 67945.29
A8: BAHAN UTAMA
A9: NO | B9: BAHAN | C9: WARNA | D9: PEMAKAIAN | E9: UNIT | F9: KETERANGAN Pemakaian | G9: VENDOR | H9: HARGA ECER | I9: HARGA ROLL | J9: HARGA / PCS
A10: 1 | B10: Lacoste CVC 20s | C10: Hitam | D10: =1/3.5 -> 0.28571429 | E10: Kg | F10: 1 kg untuk 3.5 pc | G10: Subur Makmur | H10: 102000 | I10: 92000 | J10: =D10*H10 -> 29142.857
A11: 2 | B11: Krah Manset Lacoste CVC | C11: Hitam | D11: 1 | E11: set | G11: Subur Makmur | H11: 7000 | J11: =D11*H11 -> 7000
A12: AKSESORIS
A13: NO | B13: BAHAN | C13: WARNA | D13: PEMAKAIAN | E13: UNIT | F13: KET. PEMAKAIAN | G13: VENDOR | H13: HARGA ECER | I13: HARGA ROLL | J13: HARGA / PCS
A14: 1 | B14: Benang Jahit | C14: Hitam | D14: =1/100 -> 0.01 | E14: Lusin | F14: 1 lusin jadi 100pc | G14: Toko 1001 | H14: 25000 | J14: =D14*H14 -> 250
A15: 2 | B15: Benang Obras | C15: Hitam | D15: =4/120 -> 0.033333333 | E15: Cones | F15: 4 cones jadi 120pc | G15: Toko 1001 | H15: 13000 | J15: =D15*H15 -> 433.33333
A16: 3 | B16: Label Size Bordir | C16: Hitam | D16: =1/100 -> 0.01 | E16: Golong | F16: 1 Golong Jadi 100 pc | G16: Toko 1001 | H16: 10000 | J16: =D16*H16 -> 100
A17: 4 | B17: Plastik Opp 30 Micron | C17: Bening | D17: 1 | E17: Pcs | F17: 1 Plastik 1 Pcs | G17: Mapan Plastik | H17: 370 | J17: =D17*H17 -> 370
A18: 5 | B18: Plastik Pp 50x60cm | C18: Bening | D18: =1/10 -> 0.1 | E18: Pcs | F18: 1 Plastik 10 Pcs | G18: Istana Plastik | H18: 587 | J18: =D18*H18 -> 58.7
A19: 6 | B19: Karung | C19: Putih | D19: =1/100 -> 0.01 | E19: Pcs | F19: 1 karung 100 pcs | G19: Cibadak | H19: 5000 | J19: =D19*H19 -> 50
A20: 7 | B20: Kain Keras | C20: Putih | D20: =1/30 -> 0.033333333 | E20: Meter | F20: 1 Meter Untuk 30 Pcs Kain Kras | G20: Toko 1001 | H20: 4212 | J20: =D20*H20 -> 140.4
A21: 8 | B21: Bordir | C21: 2 Logo | D21: 1 | G21: Andry Bordir | H21: 20000 | J21: =D21*H21 -> 20000
A22: Manufaktur
A23: NO | B23: WORK | D23: PEMAKAIAN | E23: UNIT | F23: KET. PEMAKAIAN | G23: VENDOR | H23: ESTIMASI MIN | J23: HARGA / PCS
A24: 1 | B24: Cutting T-Shirt | D24: 1 | E24: Pcs | G24: VML | H24: 1500 | J24: =D24*H24 -> 1500
A25: 2 | B25: Jahit T-Shirt | D25: 1 | E25: Pcs | G25: VML | H25: 6000 | J25: =D25*H25 -> 6000
A26: 3 | B26: QC T-Shirt | D26: 1 | E26: Pcs | G26: VML | H26: 2000 | J26: =D26*H26 -> 2000
A27: 4 | B27: Pasang Lubang Kancing | D27: 3 | E27: Pcs | G27: VML | H27: 300 | J27: =D27*H27 -> 900

Sheet 55. Polo Shirt Lacoste Pique Re
B2: Polo Shirt Pique Reguler L/S - Bordir | C2: Total Harga/Pcs
B3: Bahan | C3: =SUM(J10:J11) -> 41000
B4: Aksesoris | C4: =SUM(J14:J21) -> 11402.433
B5: Pekerja | C5: =SUM(J24:J27) -> 10900
B6: Total Biaya Per Pcs | C6: =SUM(C3:D5) -> 63302.433
A8: BAHAN UTAMA
A9: NO | B9: BAHAN | C9: WARNA | D9: PEMAKAIAN | E9: UNIT | F9: KETERANGAN Pemakaian | G9: VENDOR | H9: HARGA ECER | I9: HARGA ROLL | J9: HARGA / PCS
A10: 1 | B10: Lacoste CVC 20s | C10: Hitam | D10: =1/3 -> 0.33333333 | E10: Kg | F10: 1 kg untuk 3 pc | G10: Subur Makmur | H10: 102000 | I10: 92000 | J10: =D10*H10 -> 34000
A11: 2 | B11: Krah Manset Lacoste CVC | C11: Hitam | D11: 1 | E11: set | G11: Subur Makmur | H11: 7000 | J11: =D11*H11 -> 7000
A12: AKSESORIS
A13: NO | B13: BAHAN | C13: WARNA | D13: PEMAKAIAN | E13: UNIT | F13: KET. PEMAKAIAN | G13: VENDOR | H13: HARGA ECER | I13: HARGA ROLL | J13: HARGA / PCS
A14: 1 | B14: Benang Jahit | C14: Hitam | D14: =1/100 -> 0.01 | E14: Lusin | F14: 1 lusin jadi 100pc | G14: Toko 1001 | H14: 25000 | J14: =D14*H14 -> 250
A15: 2 | B15: Benang Obras | C15: Hitam | D15: =4/120 -> 0.033333333 | E15: Cones | F15: 4 cones jadi 120pc | G15: Toko 1001 | H15: 13000 | J15: =D15*H15 -> 433.33333
A16: 3 | B16: Label Size Bordir | C16: Hitam | D16: =1/100 -> 0.01 | E16: Golong | F16: 1 Golong Jadi 100 pc | G16: Toko 1001 | H16: 10000 | J16: =D16*H16 -> 100
A17: 4 | B17: Plastik Opp 30 Micron | C17: Bening | D17: 1 | E17: Pcs | F17: 1 Plastik 1 Pcs | G17: Mapan Plastik | H17: 370 | J17: =D17*H17 -> 370
A18: 5 | B18: Plastik Pp 50x60cm | C18: Bening | D18: =1/10 -> 0.1 | E18: Pcs | F18: 1 Plastik 10 Pcs | G18: Istana Plastik | H18: 587 | J18: =D18*H18 -> 58.7
A19: 6 | B19: Karung | C19: Putih | D19: =1/100 -> 0.01 | E19: Pcs | F19: 1 karung 100 pcs | G19: Cibadak | H19: 5000 | J19: =D19*H19 -> 50
A20: 7 | B20: Kain Keras | C20: Putih | D20: =1/30 -> 0.033333333 | E20: Meter | F20: 1 Meter Untuk 30 Pcs Kain Kras | G20: Toko 1001 | H20: 4212 | J20: =D20*H20 -> 140.4
B21: Bordir | C21: 2 Logo | D21: 1 | G21: Andry Bordir | H21: 10000 | J21: =D21*H21 -> 10000
A22: Manufaktur
A23: NO | B23: WORK | D23: PEMAKAIAN | E23: UNIT | F23: KET. PEMAKAIAN | G23: VENDOR | H23: ESTIMASI MIN | J23: HARGA / PCS
A24: 1 | B24: Cutting T-Shirt | D24: 1 | E24: Pcs | G24: VML | H24: 1500 | J24: =D24*H24 -> 1500
A25: 2 | B25: Jahit T-Shirt | D25: 1 | E25: Pcs | G25: VML | H25: 6500 | J25: =D25*H25 -> 6500
A26: 3 | B26: QC T-Shirt | D26: 1 | E26: Pcs | G26: VML | H26: 2000 | J26: =D26*H26 -> 2000
A27: 4 | B27: Pasang Lubang Kancing | D27: 3 | E27: Pcs | G27: VML | H27: 300 | J27: =D27*H27 -> 900

Sheet 56. Polo Shirt Lacoste Reguler 
B2: Polo Shirt Pique Reguler L/S - Custom Bordir | C2: Total Harga/Pcs
B3: Bahan | C3: =SUM(J10:J11) -> 41000
B4: Aksesoris | C4: =SUM(J14:J21) -> 21402.433
B5: Pekerja | C5: =SUM(J24:J27) -> 10400
B6: Total Biaya Per Pcs | C6: =SUM(C3:D5) -> 72802.433
A8: BAHAN UTAMA
A9: NO | B9: BAHAN | C9: WARNA | D9: PEMAKAIAN | E9: UNIT | F9: KETERANGAN Pemakaian | G9: VENDOR | H9: HARGA ECER | I9: HARGA ROLL | J9: HARGA / PCS
A10: 1 | B10: Lacoste CVC 20s | C10: Hitam | D10: =1/3 -> 0.33333333 | E10: Kg | F10: 1 kg untuk 3 pc | G10: Subur Makmur | H10: 102000 | I10: 92000 | J10: =D10*H10 -> 34000
A11: 2 | B11: Krah Manset Lacoste CVC | C11: Hitam | D11: 1 | E11: set | G11: Subur Makmur | H11: 7000 | J11: =D11*H11 -> 7000
A12: AKSESORIS
A13: NO | B13: BAHAN | C13: WARNA | D13: PEMAKAIAN | E13: UNIT | F13: KET. PEMAKAIAN | G13: VENDOR | H13: HARGA ECER | I13: HARGA ROLL | J13: HARGA / PCS
A14: 1 | B14: Benang Jahit | C14: Hitam | D14: =1/100 -> 0.01 | E14: Lusin | F14: 1 lusin jadi 100pc | G14: Toko 1001 | H14: 25000 | J14: =D14*H14 -> 250
A15: 2 | B15: Benang Obras | C15: Hitam | D15: =4/120 -> 0.033333333 | E15: Cones | F15: 4 cones jadi 120pc | G15: Toko 1001 | H15: 13000 | J15: =D15*H15 -> 433.33333
A16: 3 | B16: Label Size Bordir | C16: Hitam | D16: =1/100 -> 0.01 | E16: Golong | F16: 1 Golong Jadi 100 pc | G16: Toko 1001 | H16: 10000 | J16: =D16*H16 -> 100
A17: 4 | B17: Plastik Opp 30 Micron | C17: Bening | D17: 1 | E17: Pcs | F17: 1 Plastik 1 Pcs | G17: Mapan Plastik | H17: 370 | J17: =D17*H17 -> 370
A18: 5 | B18: Plastik Pp 50x60cm | C18: Bening | D18: =1/10 -> 0.1 | E18: Pcs | F18: 1 Plastik 10 Pcs | G18: Istana Plastik | H18: 587 | J18: =D18*H18 -> 58.7
A19: 6 | B19: Karung | C19: Putih | D19: =1/100 -> 0.01 | E19: Pcs | F19: 1 karung 100 pcs | G19: Cibadak | H19: 5000 | J19: =D19*H19 -> 50
A20: 7 | B20: Kain Keras | C20: Putih | D20: =1/30 -> 0.033333333 | E20: Meter | F20: 1 Meter Untuk 30 Pcs Kain Kras | G20: Toko 1001 | H20: 4212 | J20: =D20*H20 -> 140.4
A21: 8 | B21: Bordir | C21: 2 Logo | D21: 1 | G21: Andry Bordir | H21: 20000 | J21: =D21*H21 -> 20000
A22: Manufaktur
A23: NO | B23: WORK | D23: PEMAKAIAN | E23: UNIT | F23: KET. PEMAKAIAN | G23: VENDOR | H23: ESTIMASI MIN | J23: HARGA / PCS
A24: 1 | B24: Cutting T-Shirt | D24: 1 | E24: Pcs | G24: VML | H24: 1500 | J24: =D24*H24 -> 1500
A25: 2 | B25: Jahit Polo Shirt | D25: 1 | E25: Pcs | G25: VML | H25: 6000 | J25: =D25*H25 -> 6000
A26: 3 | B26: QC T-Shirt | D26: 1 | E26: Pcs | G26: VML | H26: 2000 | J26: =D26*H26 -> 2000
A27: 4 | B27: Pasang Lubang Kancing | D27: 3 | E27: Pcs | G27: VML | H27: 300 | J27: =D27*H27 -> 900

Sheet 57. Kemeja Seragam SS DrillTrop
B2: Kemeja Seragam S/S Drill/Tropical - Bordir | C2: Total Harga/Pcs
B3: Bahan | C3: =SUM(J10:J11) -> 45500
B4: Aksesoris | C4: =SUM(J14:J21) -> 13382.3
B5: Pekerja | C5: =SUM(J25:J28) -> 23600
B6: Total Biaya Per Pcs | C6: =SUM(C3:D5) -> 82482.3
A8: BAHAN UTAMA
A9: NO | B9: BAHAN | C9: WARNA | D9: PEMAKAIAN | E9: UNIT | F9: KETERANGAN Pemakaian | G9: VENDOR | H9: HARGA ECER | I9: HARGA ROLL | J9: HARGA / PCS
A10: 1 | B10: Maryland Tropical | C10: Hitam | D10: 1.3 | E10: Kg | F10: 1.3 meter = 1 baju | G10: Sumber Agung | H10: 35000 | I10: 30000 | J10: =D10*H10 -> 45500
A11: 2 | B11: Bahan Kantong (jika Dibuthkan) | J11: =D11*H11 -> 0
A12: AKSESORIS
A13: NO | B13: BAHAN | C13: WARNA | D13: PEMAKAIAN | E13: UNIT | F13: KET. PEMAKAIAN | G13: VENDOR | H13: HARGA ECER | I13: HARGA ROLL | J13: HARGA / PCS
A14: 1 | B14: Benang Jahit | C14: Hitam | D14: =1/50 -> 0.02 | E14: Lusin | F14: 1 lusin jadi 50 Pcs | G14: Toko 1001 | H14: 25000 | J14: =D14*H14 -> 500
A15: 2 | B15: Benang Obras | C15: Hitam | D15: =4/50 -> 0.08 | E15: Cones | F15: 4 cones jadi 50 Pcs | G15: Toko 1001 | H15: 13000 | J15: =D15*H15 -> 1040
A16: 3 | B16: Label Size Bordir | C16: Hitam | D16: =1/100 -> 0.01 | E16: Golong | F16: 1 Golong Jadi 100 Pcs | G16: Toko 1001 | H16: 10000 | J16: =D16*H16 -> 100
A17: 4 | B17: Plastik Opp 30 Micron | C17: Bening | D17: 1 | E17: Pcs | F17: 1 Plastik 1 Pcs | G17: Mapan Plastik | H17: 370 | J17: =D17*H17 -> 370
A18: 5 | B18: Plastik Pp 50x60cm | C18: Bening | D18: =1/10 -> 0.1 | E18: Pcs | F18: 1 Plastik 10 Pcs | G18: Istana Plastik | H18: 587 | J18: =D18*H18 -> 58.7
A19: 6 | B19: Karung | C19: Putih | D19: =1/100 -> 0.01 | E19: Pcs | F19: 1 karung 100 pcs | G19: Cibadak | H19: 5000 | J19: =D19*H19 -> 50
A20: 7 | B20: Kain Keras | C20: Putih | D20: =1.5/5 -> 0.3 | E20: Meter | F20: 1,5 Meter Jadi 5 Pcs | G20: Toko 1001 | H20: 4212 | J20: =D20*H20 -> 1263.6
A21: 8 | B21: Bordir | C21: 2 Logo | D21: 1 | E21: Pcs | G21: Andry Bordir | H21: 10000 | J21: =D21*H21 -> 10000
A22: 9 | B22: Kancing | C22: di sesuaikan | D22: =(1/144)*7 -> 0.048611111 | E22: Pcs | F22: 7 Pc Pembelian per 1 gross | G22: 1001 | H22: 6000 | I22: 6000 | J22: =D22*H22 -> 291.66667
A23: Manufaktur
A24: NO | B24: WORK | D24: PEMAKAIAN | E24: UNIT | F24: KET. PEMAKAIAN | G24: VENDOR | H24: ESTIMASI MIN | J24: HARGA / PCS
A25: 1 | B25: Cutting Kemeja | D25: 1 | E25: Pcs | G25: VML | H25: 3500 | J25: =D25*H25 -> 3500
A26: 2 | B26: Jahit Kemeja | D26: 1 | E26: Pcs | G26: VML | H26: 15000 | J26: =D26*H26 -> 15000
A27: 3 | B27: QC Kemeja | D27: 1 | E27: Pcs | G27: VML | H27: 3000 | J27: =D27*H27 -> 3000
A28: 4 | B28: Pasang Lubang Kancing | D28: 7 | E28: Pcs | G28: VML | H28: 300 | J28: =D28*H28 -> 2100

Sheet 58. Kemeja Seragam SS DrillTrop
B2: Kemeja Seragam S/S Drill/Tropical - Custom | C2: Total Harga/Pcs
B3: Bahan | C3: =SUM(J10:J11) -> 45500
B4: Aksesoris | C4: =SUM(J14:J21) -> 23382.3
B5: Pekerja | C5: =SUM(J24:J27) -> 21500
B6: Total Biaya Per Pcs | C6: =SUM(C3:D5) -> 90382.3
A8: BAHAN UTAMA
A9: NO | B9: BAHAN | C9: WARNA | D9: PEMAKAIAN | E9: UNIT | F9: KETERANGAN Pemakaian | G9: VENDOR | H9: HARGA ECER | I9: HARGA ROLL | J9: HARGA / PCS
A10: 1 | B10: Maryland Tropical | C10: Hitam | D10: 1.3 | E10: Kg | F10: 1.3 meter = 1 baju | G10: Sumber Agung | H10: 35000 | I10: 31500 | J10: =D10*H10 -> 45500
A11: 2 | B11: Bahan Kantong (jika Dibuthkan) | J11: =D11*H11 -> 0
A12: AKSESORIS
A13: NO | B13: BAHAN | C13: WARNA | D13: PEMAKAIAN | E13: UNIT | F13: KET. PEMAKAIAN | G13: VENDOR | H13: HARGA ECER | I13: HARGA ROLL | J13: HARGA / PCS
A14: 1 | B14: Benang Jahit | C14: Hitam | D14: =1/50 -> 0.02 | E14: Lusin | F14: 1 lusin jadi 50 Pcs | G14: Toko 1001 | H14: 25000 | J14: =D14*H14 -> 500
A15: 2 | B15: Benang Obras | C15: Hitam | D15: =4/50 -> 0.08 | E15: Cones | F15: 4 cones jadi 50 Pcs | G15: Toko 1001 | H15: 13000 | J15: =D15*H15 -> 1040
A16: 3 | B16: Label Size Bordir | C16: Hitam | D16: =1/100 -> 0.01 | E16: Golong | F16: 1 Golong Jadi 100 Pcs | G16: Toko 1001 | H16: 10000 | J16: =D16*H16 -> 100
A17: 4 | B17: Plastik Opp 30 Micron | C17: Bening | D17: 1 | E17: Pcs | F17: 1 Plastik 1 Pcs | G17: Mapan Plastik | H17: 370 | J17: =D17*H17 -> 370
A18: 5 | B18: Plastik Pp 50x60cm | C18: Bening | D18: =1/10 -> 0.1 | E18: Pcs | F18: 1 Plastik 10 Pcs | G18: Istana Plastik | H18: 587 | J18: =D18*H18 -> 58.7
A19: 6 | B19: Karung | C19: Putih | D19: =1/100 -> 0.01 | E19: Pcs | F19: 1 karung 100 pcs | G19: Cibadak | H19: 5000 | J19: =D19*H19 -> 50
A20: 7 | B20: Kain Keras | C20: Putih | D20: =1.5/5 -> 0.3 | E20: Meter | F20: 1,5 Meter Jadi 5 Pcs | G20: Toko 1001 | H20: 4212 | J20: =D20*H20 -> 1263.6
A21: 8 | B21: Bordir | C21: 2 Logo | D21: 1 | E21: Pcs | G21: Andry Bordir | H21: 20000 | J21: =D21*H21 -> 20000
A22: 9 | B22: Kancing | C22: di sesuaikan | D22: =(1/144)*7 -> 0.048611111 | E22: Pcs | F22: 7 Pc Pembelian per 1 gross | G22: 1001 | H22: 6000 | I22: 6000 | J22: =D22*H22 -> 291.66667
A23: Manufaktur
A24: NO | B24: WORK | D24: PEMAKAIAN | E24: UNIT | F24: KET. PEMAKAIAN | G24: VENDOR | H24: ESTIMASI MIN | J24: HARGA / PCS
A25: 1 | B25: Cutting Kemeja | D25: 1 | E25: Pcs | G25: VML | H25: 3500 | J25: =D25*H25 -> 3500
A26: 2 | B26: Jahit Kemeja | D26: 1 | E26: Pcs | G26: VML | H26: 15000 | J26: =D26*H26 -> 15000
A27: 3 | B27: QC Kemeja | D27: 1 | E27: Pcs | G27: VML | H27: 3000 | J27: =D27*H27 -> 3000
A28: 4 | B28: Pasang Lubang Kancing | D28: 7 | E28: Pcs | G28: VML | H28: 300 | J28: =D28*H28 -> 2100

Sheet 59. Kemeja Seragam SS Drill Hea
B2: Kemeja Seragam S/S Drill Heavy Duty - Bordir | C2: Total Harga/Pcs
B3: Bahan | C3: =SUM(J10:J11) -> 52000
B4: Aksesoris | C4: =SUM(J14:J21) -> 13382.3
B5: Pekerja | C5: =SUM(J24:J27) -> 21500
B6: Total Biaya Per Pcs | C6: =SUM(C3:D5) -> 86882.3
A8: BAHAN UTAMA
A9: NO | B9: BAHAN | C9: WARNA | D9: PEMAKAIAN | E9: UNIT | F9: KETERANGAN Pemakaian | G9: VENDOR | H9: HARGA ECER | I9: HARGA ROLL | J9: HARGA / PCS
A10: 1 | B10: Maryland Tropical | C10: Hitam | D10: 1.3 | E10: meter | F10: 1.3 meter = 1 baju | G10: Sumber Agung | H10: 40000 | I10: 36000 | J10: =D10*H10 -> 52000
A11: 2 | B11: Bahan Kantong (jika Dibuthkan) | J11: =D11*H11 -> 0
A12: AKSESORIS
A13: NO | B13: BAHAN | C13: WARNA | D13: PEMAKAIAN | E13: UNIT | F13: KET. PEMAKAIAN | G13: VENDOR | H13: HARGA ECER | I13: HARGA ROLL | J13: HARGA / PCS
A14: 1 | B14: Benang Jahit | C14: Hitam | D14: =1/50 -> 0.02 | E14: Lusin | F14: 1 lusin jadi 50 Pcs | G14: Toko 1001 | H14: 25000 | J14: =D14*H14 -> 500
A15: 2 | B15: Benang Obras | C15: Hitam | D15: =4/50 -> 0.08 | E15: Cones | F15: 4 cones jadi 50 Pcs | G15: Toko 1001 | H15: 13000 | J15: =D15*H15 -> 1040
A16: 3 | B16: Label Size Bordir | C16: Hitam | D16: =1/100 -> 0.01 | E16: Golong | F16: 1 Golong Jadi 100 Pcs | G16: Toko 1001 | H16: 10000 | J16: =D16*H16 -> 100
A17: 4 | B17: Plastik Opp 30 Micron | C17: Bening | D17: 1 | E17: Pcs | F17: 1 Plastik 1 Pcs | G17: Mapan Plastik | H17: 370 | J17: =D17*H17 -> 370
A18: 5 | B18: Plastik Pp 50x60cm | C18: Bening | D18: =1/10 -> 0.1 | E18: Pcs | F18: 1 Plastik 10 Pcs | G18: Istana Plastik | H18: 587 | J18: =D18*H18 -> 58.7
A19: 6 | B19: Karung | C19: Putih | D19: =1/100 -> 0.01 | E19: Pcs | F19: 1 karung 100 pcs | G19: Cibadak | H19: 5000 | J19: =D19*H19 -> 50
A20: 7 | B20: Kain Keras | C20: Putih | D20: =1.5/5 -> 0.3 | E20: Meter | F20: 1,5 Meter Jadi 5 Pcs | G20: Toko 1001 | H20: 4212 | J20: =D20*H20 -> 1263.6
A21: 8 | B21: Bordir | C21: 2 Logo | D21: 1 | E21: Pcs | G21: Andry Bordir | H21: 10000 | J21: =D21*H21 -> 10000
A22: 9 | B22: Kancing Besar | C22: di sesuaikan | D22: =(1/144)*7 -> 0.048611111 | E22: Pcs | F22: 7 Pc Pembelian per 1 gross | G22: 1001 | H22: 10000 | I22: 6000 | J22: =D22*H22 -> 486.11111
A23: Manufaktur
A24: NO | B24: WORK | D24: PEMAKAIAN | E24: UNIT | F24: KET. PEMAKAIAN | G24: VENDOR | H24: ESTIMASI MIN | J24: HARGA / PCS
A25: 1 | B25: Cutting Kemeja | D25: 1 | E25: Pcs | G25: VML | H25: 3500 | J25: =D25*H25 -> 3500
A26: 2 | B26: Jahit Kemeja | D26: 1 | E26: Pcs | G26: VML | H26: 15000 | J26: =D26*H26 -> 15000
A27: 3 | B27: QC Kemeja | D27: 1 | E27: Pcs | G27: VML | H27: 3000 | J27: =D27*H27 -> 3000
A28: 4 | B28: Pasang Lubang Kancing | D28: 7 | E28: Pcs | G28: VML | H28: 300 | J28: =D28*H28 -> 2100

Sheet 60. Kemeja Seragam SS Drill Hea
B2: Kemeja Seragam S/S Drill Heavy Duty - Bordir | C2: Total Harga/Pcs
B3: Bahan | C3: =SUM(J10:J11) -> 52000
B4: Aksesoris | C4: =SUM(J14:J21) -> 23382.3
B5: Pekerja | C5: =SUM(J24:J27) -> 21500
B6: Total Biaya Per Pcs | C6: =SUM(C3:D5) -> 96882.3
A8: BAHAN UTAMA
A9: NO | B9: BAHAN | C9: WARNA | D9: PEMAKAIAN | E9: UNIT | F9: KETERANGAN Pemakaian | G9: VENDOR | H9: HARGA ECER | I9: HARGA ROLL | J9: HARGA / PCS
A10: 1 | B10: Maryland Tropical | C10: Hitam | D10: 1.3 | E10: meter | F10: 1.3 meter = 1 baju | G10: Sumber Agung | H10: 40000 | I10: 36000 | J10: =D10*H10 -> 52000
A11: 2 | B11: Bahan Kantong (jika Dibuthkan) | J11: =D11*H11 -> 0
A12: AKSESORIS
A13: NO | B13: BAHAN | C13: WARNA | D13: PEMAKAIAN | E13: UNIT | F13: KET. PEMAKAIAN | G13: VENDOR | H13: HARGA ECER | I13: HARGA ROLL | J13: HARGA / PCS
A14: 1 | B14: Benang Jahit | C14: Hitam | D14: =1/50 -> 0.02 | E14: Lusin | F14: 1 lusin jadi 50 Pcs | G14: Toko 1001 | H14: 25000 | J14: =D14*H14 -> 500
A15: 2 | B15: Benang Obras | C15: Hitam | D15: =4/50 -> 0.08 | E15: Cones | F15: 4 cones jadi 50 Pcs | G15: Toko 1001 | H15: 13000 | J15: =D15*H15 -> 1040
A16: 3 | B16: Label Size Bordir | C16: Hitam | D16: =1/100 -> 0.01 | E16: Golong | F16: 1 Golong Jadi 100 Pcs | G16: Toko 1001 | H16: 10000 | J16: =D16*H16 -> 100
A17: 4 | B17: Plastik Opp 30 Micron | C17: Bening | D17: 1 | E17: Pcs | F17: 1 Plastik 1 Pcs | G17: Mapan Plastik | H17: 370 | J17: =D17*H17 -> 370
A18: 5 | B18: Plastik Pp 50x60cm | C18: Bening | D18: =1/10 -> 0.1 | E18: Pcs | F18: 1 Plastik 10 Pcs | G18: Istana Plastik | H18: 587 | J18: =D18*H18 -> 58.7
A19: 6 | B19: Karung | C19: Putih | D19: =1/100 -> 0.01 | E19: Pcs | F19: 1 karung 100 pcs | G19: Cibadak | H19: 5000 | J19: =D19*H19 -> 50
A20: 7 | B20: Kain Keras | C20: Putih | D20: =1.5/5 -> 0.3 | E20: Meter | F20: 1,5 Meter Jadi 5 Pcs | G20: Toko 1001 | H20: 4212 | J20: =D20*H20 -> 1263.6
A21: 8 | B21: Bordir | C21: 2 Logo | D21: 1 | E21: Pcs | G21: Andry Bordir | H21: 20000 | J21: =D21*H21 -> 20000
A22: 9 | B22: Kancing Besar | C22: di sesuaikan | D22: =(1/144)*7 -> 0.048611111 | E22: Pcs | F22: 7 Pc Pembelian per 1 gross | G22: 1001 | H22: 10000 | I22: 6000 | J22: =D22*H22 -> 486.11111
A23: Manufaktur
A24: NO | B24: WORK | D24: PEMAKAIAN | E24: UNIT | F24: KET. PEMAKAIAN | G24: VENDOR | H24: ESTIMASI MIN | J24: HARGA / PCS
A25: 1 | B25: Cutting Kemeja | D25: 1 | E25: Pcs | G25: VML | H25: 3500 | J25: =D25*H25 -> 3500
A26: 2 | B26: Jahit Kemeja | D26: 1 | E26: Pcs | G26: VML | H26: 15000 | J26: =D26*H26 -> 15000
A27: 3 | B27: QC Kemeja | D27: 1 | E27: Pcs | G27: VML | H27: 3000 | J27: =D27*H27 -> 3000
A28: 4 | B28: Pasang Lubang Kancing | D28: 7 | E28: Pcs | G28: VML | H28: 300 | J28: =D28*H28 -> 2100

Sheet 61. Kemeja Seragam SS Toyobo Pr
B2: Kemeja Seragam S/S Toyobo Premium - Bordir | C2: Total Harga/Pcs
B3: Bahan | C3: =SUM(J10:J11) -> 54600
B4: Aksesoris | C4: =SUM(J14:J21) -> 13382.3
B5: Pekerja | C5: =SUM(J24:J27) -> 21500
B6: Total Biaya Per Pcs | C6: =SUM(C3:D5) -> 89482.3
A8: BAHAN UTAMA
A9: NO | B9: BAHAN | C9: WARNA | D9: PEMAKAIAN | E9: UNIT | F9: KETERANGAN Pemakaian | G9: VENDOR | H9: HARGA ECER | I9: HARGA ROLL | J9: HARGA / PCS
A10: 1 | B10: Toyobo Fodu | C10: Hitam | D10: 1.3 | E10: meter | F10: 1.3 meter = 1 baju | G10: Median | H10: 42000 | I10: 38000 | J10: =D10*H10 -> 54600
A11: 2 | B11: Bahan Kantong (jika Dibuthkan) | J11: =D11*H11 -> 0
A12: AKSESORIS
A13: NO | B13: BAHAN | C13: WARNA | D13: PEMAKAIAN | E13: UNIT | F13: KET. PEMAKAIAN | G13: VENDOR | H13: HARGA ECER | I13: HARGA ROLL | J13: HARGA / PCS
A14: 1 | B14: Benang Jahit | C14: Hitam | D14: =1/50 -> 0.02 | E14: Lusin | F14: 1 lusin jadi 50 Pcs | G14: Toko 1001 | H14: 25000 | J14: =D14*H14 -> 500
A15: 2 | B15: Benang Obras | C15: Hitam | D15: =4/50 -> 0.08 | E15: Cones | F15: 4 cones jadi 50 Pcs | G15: Toko 1001 | H15: 13000 | J15: =D15*H15 -> 1040
A16: 3 | B16: Label Size Bordir | C16: Hitam | D16: =1/100 -> 0.01 | E16: Golong | F16: 1 Golong Jadi 100 Pcs | G16: Toko 1001 | H16: 10000 | J16: =D16*H16 -> 100
A17: 4 | B17: Plastik Opp 30 Micron | C17: Bening | D17: 1 | E17: Pcs | F17: 1 Plastik 1 Pcs | G17: Mapan Plastik | H17: 370 | J17: =D17*H17 -> 370
A18: 5 | B18: Plastik Pp 50x60cm | C18: Bening | D18: =1/10 -> 0.1 | E18: Pcs | F18: 1 Plastik 10 Pcs | G18: Istana Plastik | H18: 587 | J18: =D18*H18 -> 58.7
A19: 6 | B19: Karung | C19: Putih | D19: =1/100 -> 0.01 | E19: Pcs | F19: 1 karung 100 pcs | G19: Cibadak | H19: 5000 | J19: =D19*H19 -> 50
A20: 7 | B20: Kain Keras | C20: Putih | D20: =1.5/5 -> 0.3 | E20: Meter | F20: 1,5 Meter Jadi 5 Pcs | G20: Toko 1001 | H20: 4212 | J20: =D20*H20 -> 1263.6
A21: 8 | B21: Bordir | C21: 2 Logo | D21: 1 | E21: Pcs | G21: Andry Bordir | H21: 10000 | J21: =D21*H21 -> 10000
A22: 9 | B22: Kancing | C22: di sesuaikan | D22: =(1/144)*7 -> 0.048611111 | E22: Pcs | F22: 7 Pc Pembelian per 1 gross | G22: 1001 | H22: 6000 | I22: 6000 | J22: =D22*H22 -> 291.66667
A23: Manufaktur
A24: NO | B24: WORK | D24: PEMAKAIAN | E24: UNIT | F24: KET. PEMAKAIAN | G24: VENDOR | H24: ESTIMASI MIN | J24: HARGA / PCS
A25: 1 | B25: Cutting Kemeja | D25: 1 | E25: Pcs | G25: VML | H25: 3500 | J25: =D25*H25 -> 3500
A26: 2 | B26: Jahit Kemeja | D26: 1 | E26: Pcs | G26: VML | H26: 15000 | J26: =D26*H26 -> 15000
A27: 3 | B27: QC Kemeja | D27: 1 | E27: Pcs | G27: VML | H27: 3000 | J27: =D27*H27 -> 3000
A28: 4 | B28: Pasang Lubang Kancing | D28: 7 | E28: Pcs | G28: VML | H28: 300 | J28: =D28*H28 -> 2100

Sheet 62. Kemeja Seragam SS Toyobo Pr
B2: Kemeja Seragam S/S Toyobo Premium - Custom | C2: Total Harga/Pcs
B3: Bahan | C3: =SUM(J10:J11) -> 54600
B4: Aksesoris | C4: =SUM(J14:J21) -> 23382.3
B5: Pekerja | C5: =SUM(J24:J27) -> 21500
B6: Total Biaya Per Pcs | C6: =SUM(C3:D5) -> 99482.3
A8: BAHAN UTAMA
A9: NO | B9: BAHAN | C9: WARNA | D9: PEMAKAIAN | E9: UNIT | F9: KETERANGAN Pemakaian | G9: VENDOR | H9: HARGA ECER | I9: HARGA ROLL | J9: HARGA / PCS
A10: 1 | B10: Toyobo Fodu | C10: Hitam | D10: 1.3 | E10: meter | F10: 1.3 meter = 1 baju | G10: Median | H10: 42000 | I10: 38000 | J10: =D10*H10 -> 54600
A11: 2 | B11: Bahan Kantong (jika Dibuthkan) | J11: =D11*H11 -> 0
A12: AKSESORIS
A13: NO | B13: BAHAN | C13: WARNA | D13: PEMAKAIAN | E13: UNIT | F13: KET. PEMAKAIAN | G13: VENDOR | H13: HARGA ECER | I13: HARGA ROLL | J13: HARGA / PCS
A14: 1 | B14: Benang Jahit | C14: Hitam | D14: =1/50 -> 0.02 | E14: Lusin | F14: 1 lusin jadi 50 Pcs | G14: Toko 1001 | H14: 25000 | J14: =D14*H14 -> 500
A15: 2 | B15: Benang Obras | C15: Hitam | D15: =4/50 -> 0.08 | E15: Cones | F15: 4 cones jadi 50 Pcs | G15: Toko 1001 | H15: 13000 | J15: =D15*H15 -> 1040
A16: 3 | B16: Label Size Bordir | C16: Hitam | D16: =1/100 -> 0.01 | E16: Golong | F16: 1 Golong Jadi 100 Pcs | G16: Toko 1001 | H16: 10000 | J16: =D16*H16 -> 100
A17: 4 | B17: Plastik Opp 30 Micron | C17: Bening | D17: 1 | E17: Pcs | F17: 1 Plastik 1 Pcs | G17: Mapan Plastik | H17: 370 | J17: =D17*H17 -> 370
A18: 5 | B18: Plastik Pp 50x60cm | C18: Bening | D18: =1/10 -> 0.1 | E18: Pcs | F18: 1 Plastik 10 Pcs | G18: Istana Plastik | H18: 587 | J18: =D18*H18 -> 58.7
A19: 6 | B19: Karung | C19: Putih | D19: =1/100 -> 0.01 | E19: Pcs | F19: 1 karung 100 pcs | G19: Cibadak | H19: 5000 | J19: =D19*H19 -> 50
A20: 7 | B20: Kain Keras | C20: Putih | D20: =1.5/5 -> 0.3 | E20: Meter | F20: 1,5 Meter Jadi 5 Pcs | G20: Toko 1001 | H20: 4212 | J20: =D20*H20 -> 1263.6
A21: 8 | B21: Bordir | C21: 2 Logo | D21: 1 | E21: Pcs | G21: Andry Bordir | H21: 20000 | J21: =D21*H21 -> 20000
A22: 9 | B22: Kancing | C22: di sesuaikan | D22: =(1/144)*7 -> 0.048611111 | E22: Pcs | F22: 7 Pc Pembelian per 1 gross | G22: 1001 | H22: 6000 | I22: 6000 | J22: =D22*H22 -> 291.66667
A23: Manufaktur
A24: NO | B24: WORK | D24: PEMAKAIAN | E24: UNIT | F24: KET. PEMAKAIAN | G24: VENDOR | H24: ESTIMASI MIN | J24: HARGA / PCS
A25: 1 | B25: Cutting Kemeja | D25: 1 | E25: Pcs | G25: VML | H25: 3500 | J25: =D25*H25 -> 3500
A26: 2 | B26: Jahit Kemeja | D26: 1 | E26: Pcs | G26: VML | H26: 15000 | J26: =D26*H26 -> 15000
A27: 3 | B27: QC Kemeja | D27: 1 | E27: Pcs | G27: VML | H27: 3000 | J27: =D27*H27 -> 3000
A28: 4 | B28: Pasang Lubang Kancing | D28: 7 | E28: Pcs | G28: VML | H28: 300 | J28: =D28*H28 -> 2100

Sheet 63. Kemeja Seragam SS High Twis
B2: Kemeja Seragam S/S High Twist Premium - Bordir | C2: Total Harga/Pcs
B3: Bahan | C3: =SUM(J10:J11) -> 65000
B4: Aksesoris | C4: =SUM(J14:J21) -> 13382.3
B5: Pekerja | C5: =SUM(J24:J27) -> 21500
B6: Total Biaya Per Pcs | C6: =SUM(C3:D5) -> 99882.3
A8: BAHAN UTAMA
A9: NO | B9: BAHAN | C9: WARNA | D9: PEMAKAIAN | E9: UNIT | F9: KETERANGAN Pemakaian | G9: VENDOR | H9: HARGA ECER | I9: HARGA ROLL | J9: HARGA / PCS
A10: 1 | B10: High Twist | C10: Hitam | D10: 1.3 | E10: meter | F10: 1.3 meter = 1 baju | G10: Indah Tex | H10: 50000 | I10: 45000 | J10: =D10*H10 -> 65000
A11: 2 | B11: Bahan Kantong (jika Dibuthkan) | J11: =D11*H11 -> 0
A12: AKSESORIS
A13: NO | B13: BAHAN | C13: WARNA | D13: PEMAKAIAN | E13: UNIT | F13: KET. PEMAKAIAN | G13: VENDOR | H13: HARGA ECER | I13: HARGA ROLL | J13: HARGA / PCS
A14: 1 | B14: Benang Jahit | C14: Hitam | D14: =1/50 -> 0.02 | E14: Lusin | F14: 1 lusin jadi 50 Pcs | G14: Toko 1001 | H14: 25000 | J14: =D14*H14 -> 500
A15: 2 | B15: Benang Obras | C15: Hitam | D15: =4/50 -> 0.08 | E15: Cones | F15: 4 cones jadi 50 Pcs | G15: Toko 1001 | H15: 13000 | J15: =D15*H15 -> 1040
A16: 3 | B16: Label Size Bordir | C16: Hitam | D16: =1/100 -> 0.01 | E16: Golong | F16: 1 Golong Jadi 100 Pcs | G16: Toko 1001 | H16: 10000 | J16: =D16*H16 -> 100
A17: 4 | B17: Plastik Opp 30 Micron | C17: Bening | D17: 1 | E17: Pcs | F17: 1 Plastik 1 Pcs | G17: Mapan Plastik | H17: 370 | J17: =D17*H17 -> 370
A18: 5 | B18: Plastik Pp 50x60cm | C18: Bening | D18: =1/10 -> 0.1 | E18: Pcs | F18: 1 Plastik 10 Pcs | G18: Istana Plastik | H18: 587 | J18: =D18*H18 -> 58.7
A19: 6 | B19: Karung | C19: Putih | D19: =1/100 -> 0.01 | E19: Pcs | F19: 1 karung 100 pcs | G19: Cibadak | H19: 5000 | J19: =D19*H19 -> 50
A20: 7 | B20: Kain Keras | C20: Putih | D20: =1.5/5 -> 0.3 | E20: Meter | F20: 1,5 Meter Jadi 5 Pcs | G20: Toko 1001 | H20: 4212 | J20: =D20*H20 -> 1263.6
A21: 8 | B21: Bordir | C21: 2 Logo | D21: 1 | E21: Pcs | G21: Andry Bordir | H21: 10000 | J21: =D21*H21 -> 10000
A22: 9 | B22: Kancing | C22: di sesuaikan | D22: =(1/144)*7 -> 0.048611111 | E22: Pcs | F22: 7 Pc Pembelian per 1 gross | G22: 1001 | H22: 6000 | I22: 6000 | J22: =D22*H22 -> 291.66667
A23: Manufaktur
A24: NO | B24: WORK | D24: PEMAKAIAN | E24: UNIT | F24: KET. PEMAKAIAN | G24: VENDOR | H24: ESTIMASI MIN | J24: HARGA / PCS
A25: 1 | B25: Cutting Kemeja | D25: 1 | E25: Pcs | G25: VML | H25: 3500 | J25: =D25*H25 -> 3500
A26: 2 | B26: Jahit Kemeja | D26: 1 | E26: Pcs | G26: VML | H26: 15000 | J26: =D26*H26 -> 15000
A27: 3 | B27: QC Kemeja | D27: 1 | E27: Pcs | G27: VML | H27: 3000 | J27: =D27*H27 -> 3000
A28: 4 | B28: Pasang Lubang Kancing | D28: 7 | E28: Pcs | G28: VML | H28: 300 | J28: =D28*H28 -> 2100

Sheet 64. Kemeja Seragam SS High Twis
B2: Kemeja Seragam S/S High Twist Premium - Bordir | C2: Total Harga/Pcs
B3: Bahan | C3: =SUM(J10:J11) -> 65000
B4: Aksesoris | C4: =SUM(J14:J21) -> 23382.3
B5: Pekerja | C5: =SUM(J24:J27) -> 38300
B6: Total Biaya Per Pcs | C6: =SUM(C3:D5) -> 126682.3
A8: BAHAN UTAMA
A9: NO | B9: BAHAN | C9: WARNA | D9: PEMAKAIAN | E9: UNIT | F9: KETERANGAN Pemakaian | G9: VENDOR | H9: HARGA ECER | I9: HARGA ROLL | J9: HARGA / PCS
A10: 1 | B10: High Twist | C10: Hitam | D10: 1.3 | E10: meter | F10: 1.3 meter = 1 baju | G10: Indah Tex | H10: 50000 | I10: 45000 | J10: =D10*H10 -> 65000
A11: 2 | J11: =D11*H11 -> 0
A12: AKSESORIS
A13: NO | B13: BAHAN | C13: WARNA | D13: PEMAKAIAN | E13: UNIT | F13: KET. PEMAKAIAN | G13: VENDOR | H13: HARGA ECER | I13: HARGA ROLL | J13: HARGA / PCS
A14: 1 | B14: Benang Jahit | C14: Hitam | D14: =1/50 -> 0.02 | E14: Lusin | F14: 1 lusin jadi 50 Pcs | G14: Toko 1001 | H14: 25000 | J14: =D14*H14 -> 500
A15: 2 | B15: Benang Obras | C15: Hitam | D15: =4/50 -> 0.08 | E15: Cones | F15: 4 cones jadi 50 Pcs | G15: Toko 1001 | H15: 13000 | J15: =D15*H15 -> 1040
A16: 3 | B16: Label Size Bordir | C16: Hitam | D16: =1/100 -> 0.01 | E16: Golong | F16: 1 Golong Jadi 100 Pcs | G16: Toko 1001 | H16: 10000 | J16: =D16*H16 -> 100
A17: 4 | B17: Plastik Opp 30 Micron | C17: Bening | D17: 1 | E17: Pcs | F17: 1 Plastik 1 Pcs | G17: Mapan Plastik | H17: 370 | J17: =D17*H17 -> 370
A18: 5 | B18: Plastik Pp 50x60cm | C18: Bening | D18: =1/10 -> 0.1 | E18: Pcs | F18: 1 Plastik 10 Pcs | G18: Istana Plastik | H18: 587 | J18: =D18*H18 -> 58.7
A19: 6 | B19: Karung | C19: Putih | D19: =1/100 -> 0.01 | E19: Pcs | F19: 1 karung 100 pcs | G19: Cibadak | H19: 5000 | J19: =D19*H19 -> 50
A20: 7 | B20: Kain Keras | C20: Putih | D20: =1.5/5 -> 0.3 | E20: Meter | F20: 1,5 Meter Jadi 5 Pcs | G20: Toko 1001 | H20: 4212 | J20: =D20*H20 -> 1263.6
A21: 8 | B21: Bordir | C21: 2 Logo | D21: 1 | E21: Pcs | G21: Andry Bordir | H21: 20000 | J21: =D21*H21 -> 20000
A22: Manufaktur
A23: NO | B23: WORK | D23: PEMAKAIAN | E23: UNIT | F23: KET. PEMAKAIAN | G23: VENDOR | H23: ESTIMASI MIN | J23: HARGA / PCS
A24: 1 | B24: Cutting T-Shirt | D24: 1 | E24: Pcs | G24: VML | H24: 10000 | J24: =D24*H24 -> 10000
A25: 2 | B25: Jahit T-Shirt | D25: 1 | E25: Pcs | G25: VML | H25: 20000 | J25: =D25*H25 -> 20000
A26: 3 | B26: QC T-Shirt | D26: 1 | E26: Pcs | G26: VML | H26: 5000 | J26: =D26*H26 -> 5000
A27: 4 | B27: Pasang Lubang Kancing | D27: 11 | E27: Pcs | G27: VML | H27: 300 | J27: =D27*H27 -> 3300

Sheet 65. Kemeja Seragam LS DrillTrop
B2: Kemeja Seragam L/S Drill/Tropical - Bordir | C2: Total Harga/Pcs
B3: Bahan | C3: =SUM(J10:J11) -> 52500
B4: Aksesoris | C4: =SUM(J14:J21) -> 13382.3
B5: Pekerja | C5: =SUM(J24:J27) -> 24500
B6: Total Biaya Per Pcs | C6: =SUM(C3:D5) -> 90382.3
A8: BAHAN UTAMA
A9: NO | B9: BAHAN | C9: WARNA | D9: PEMAKAIAN | E9: UNIT | F9: KETERANGAN Pemakaian | G9: VENDOR | H9: HARGA ECER | I9: HARGA ROLL | J9: HARGA / PCS
A10: 1 | B10: Maryland Tropical | C10: Hitam | D10: 1.5 | E10: meter | F10: 1.5 meter = 1 baju | G10: Sumber Agung | H10: 35000 | I10: 30000 | J10: =D10*H10 -> 52500
A11: 2 | B11: Bahan Kantong (jika Dibuthkan) | J11: =D11*H11 -> 0
A12: AKSESORIS
A13: NO | B13: BAHAN | C13: WARNA | D13: PEMAKAIAN | E13: UNIT | F13: KET. PEMAKAIAN | G13: VENDOR | H13: HARGA ECER | I13: HARGA ROLL | J13: HARGA / PCS
A14: 1 | B14: Benang Jahit | C14: Hitam | D14: =1/50 -> 0.02 | E14: Lusin | F14: 1 lusin jadi 50 Pcs | G14: Toko 1001 | H14: 25000 | J14: =D14*H14 -> 500
A15: 2 | B15: Benang Obras | C15: Hitam | D15: =4/50 -> 0.08 | E15: Cones | F15: 4 cones jadi 50 Pcs | G15: Toko 1001 | H15: 13000 | J15: =D15*H15 -> 1040
A16: 3 | B16: Label Size Bordir | C16: Hitam | D16: =1/100 -> 0.01 | E16: Golong | F16: 1 Golong Jadi 100 Pcs | G16: Toko 1001 | H16: 10000 | J16: =D16*H16 -> 100
A17: 4 | B17: Plastik Opp 30 Micron | C17: Bening | D17: 1 | E17: Pcs | F17: 1 Plastik 1 Pcs | G17: Mapan Plastik | H17: 370 | J17: =D17*H17 -> 370
A18: 5 | B18: Plastik Pp 50x60cm | C18: Bening | D18: =1/10 -> 0.1 | E18: Pcs | F18: 1 Plastik 10 Pcs | G18: Istana Plastik | H18: 587 | J18: =D18*H18 -> 58.7
A19: 6 | B19: Karung | C19: Putih | D19: =1/100 -> 0.01 | E19: Pcs | F19: 1 karung 100 pcs | G19: Cibadak | H19: 5000 | J19: =D19*H19 -> 50
A20: 7 | B20: Kain Keras | C20: Putih | D20: =1.5/5 -> 0.3 | E20: Meter | F20: 1,5 Meter Jadi 5 Pcs | G20: Toko 1001 | H20: 4212 | J20: =D20*H20 -> 1263.6
A21: 8 | B21: Bordir | C21: 2 Logo | D21: 1 | E21: Pcs | G21: Andry Bordir | H21: 10000 | J21: =D21*H21 -> 10000
A22: 9 | B22: Kancing | C22: di sesuaikan | D22: =(1/144)*7 -> 0.048611111 | E22: Pcs | F22: 7 Pc Pembelian per 1 gross | G22: 1001 | H22: 6000 | I22: 6000 | J22: =D22*H22 -> 291.66667
A23: Manufaktur
A24: NO | B24: WORK | D24: PEMAKAIAN | E24: UNIT | F24: KET. PEMAKAIAN | G24: VENDOR | H24: ESTIMASI MIN | J24: HARGA / PCS
A25: 1 | B25: Cutting Kemeja | D25: 1 | E25: Pcs | G25: VML | H25: 3500 | J25: =D25*H25 -> 3500
A26: 2 | B26: Jahit Kemeja | D26: 1 | E26: Pcs | G26: VML | H26: 18000 | J26: =D26*H26 -> 18000
A27: 3 | B27: QC Kemeja | D27: 1 | E27: Pcs | G27: VML | H27: 3000 | J27: =D27*H27 -> 3000
A28: 4 | B28: Pasang Lubang Kancing | D28: 7 | E28: Pcs | G28: VML | H28: 300 | J28: =D28*H28 -> 2100

Sheet 66. Kemeja Seragam LS DrillTrop
B2: Kemeja Seragam L/S Drill/Tropical - Custom | C2: Total Harga/Pcs
B3: Bahan | C3: =SUM(J10:J11) -> 52500
B4: Aksesoris | C4: =SUM(J14:J21) -> 23382.3
B5: Pekerja | C5: =SUM(J24:J27) -> 24500
B6: Total Biaya Per Pcs | C6: =SUM(C3:D5) -> 100382.3
A8: BAHAN UTAMA
A9: NO | B9: BAHAN | C9: WARNA | D9: PEMAKAIAN | E9: UNIT | F9: KETERANGAN Pemakaian | G9: VENDOR | H9: HARGA ECER | I9: HARGA ROLL | J9: HARGA / PCS
A10: 1 | B10: Maryland Tropical | C10: Hitam | D10: 1.5 | E10: meter | F10: 1.5 meter = 1 baju | G10: Sumber Agung | H10: 35000 | I10: 30000 | J10: =D10*H10 -> 52500
A11: 2 | B11: Bahan Kantong (jika Dibuthkan) | J11: =D11*H11 -> 0
A12: AKSESORIS
A13: NO | B13: BAHAN | C13: WARNA | D13: PEMAKAIAN | E13: UNIT | F13: KET. PEMAKAIAN | G13: VENDOR | H13: HARGA ECER | I13: HARGA ROLL | J13: HARGA / PCS
A14: 1 | B14: Benang Jahit | C14: Hitam | D14: =1/50 -> 0.02 | E14: Lusin | F14: 1 lusin jadi 50 Pcs | G14: Toko 1001 | H14: 25000 | J14: =D14*H14 -> 500
A15: 2 | B15: Benang Obras | C15: Hitam | D15: =4/50 -> 0.08 | E15: Cones | F15: 4 cones jadi 50 Pcs | G15: Toko 1001 | H15: 13000 | J15: =D15*H15 -> 1040
A16: 3 | B16: Label Size Bordir | C16: Hitam | D16: =1/100 -> 0.01 | E16: Golong | F16: 1 Golong Jadi 100 Pcs | G16: Toko 1001 | H16: 10000 | J16: =D16*H16 -> 100
A17: 4 | B17: Plastik Opp 30 Micron | C17: Bening | D17: 1 | E17: Pcs | F17: 1 Plastik 1 Pcs | G17: Mapan Plastik | H17: 370 | J17: =D17*H17 -> 370
A18: 5 | B18: Plastik Pp 50x60cm | C18: Bening | D18: =1/10 -> 0.1 | E18: Pcs | F18: 1 Plastik 10 Pcs | G18: Istana Plastik | H18: 587 | J18: =D18*H18 -> 58.7
A19: 6 | B19: Karung | C19: Putih | D19: =1/100 -> 0.01 | E19: Pcs | F19: 1 karung 100 pcs | G19: Cibadak | H19: 5000 | J19: =D19*H19 -> 50
A20: 7 | B20: Kain Keras | C20: Putih | D20: =1.5/5 -> 0.3 | E20: Meter | F20: 1,5 Meter Jadi 5 Pcs | G20: Toko 1001 | H20: 4212 | J20: =D20*H20 -> 1263.6
A21: 8 | B21: Bordir | C21: 2 Logo | D21: 1 | E21: Pcs | G21: Andry Bordir | H21: 20000 | J21: =D21*H21 -> 20000
A22: 9 | B22: Kancing | C22: di sesuaikan | D22: =(1/144)*7 -> 0.048611111 | E22: Pcs | F22: 7 Pc Pembelian per 1 gross | G22: 1001 | H22: 6000 | I22: 6000 | J22: =D22*H22 -> 291.66667
A23: Manufaktur
A24: NO | B24: WORK | D24: PEMAKAIAN | E24: UNIT | F24: KET. PEMAKAIAN | G24: VENDOR | H24: ESTIMASI MIN | J24: HARGA / PCS
A25: 1 | B25: Cutting Kemeja | D25: 1 | E25: Pcs | G25: VML | H25: 3500 | J25: =D25*H25 -> 3500
A26: 2 | B26: Jahit Kemeja | D26: 1 | E26: Pcs | G26: VML | H26: 18000 | J26: =D26*H26 -> 18000
A27: 3 | B27: QC Kemeja | D27: 1 | E27: Pcs | G27: VML | H27: 3000 | J27: =D27*H27 -> 3000
A28: 4 | B28: Pasang Lubang Kancing | D28: 7 | E28: Pcs | G28: VML | H28: 300 | J28: =D28*H28 -> 2100

Sheet 67. Kemeja Seragam LS Drill Hea
B2: Kemeja Seragam L/S Drill Heavy Duty - Bordir | C2: Total Harga/Pcs
B3: Bahan | C3: =SUM(J10:J11) -> 60000
B4: Aksesoris | C4: =SUM(J14:J21) -> 13382.3
B5: Pekerja | C5: =SUM(J24:J27) -> 24500
B6: Total Biaya Per Pcs | C6: =SUM(C3:D5) -> 97882.3
A8: BAHAN UTAMA
A9: NO | B9: BAHAN | C9: WARNA | D9: PEMAKAIAN | E9: UNIT | F9: KETERANGAN Pemakaian | G9: VENDOR | H9: HARGA ECER | I9: HARGA ROLL | J9: HARGA / PCS
A10: 1 | B10: Ventura | C10: Hitam | D10: 1.5 | E10: meter | F10: 1.5 meter = 1 baju | G10: Sumber Agung | H10: 40000 | I10: 36000 | J10: =D10*H10 -> 60000
A11: 2 | B11: Bahan Kantong (jika Dibuthkan) | J11: =D11*H11 -> 0
A12: AKSESORIS
A13: NO | B13: BAHAN | C13: WARNA | D13: PEMAKAIAN | E13: UNIT | F13: KET. PEMAKAIAN | G13: VENDOR | H13: HARGA ECER | I13: HARGA ROLL | J13: HARGA / PCS
A14: 1 | B14: Benang Jahit | C14: Hitam | D14: =1/50 -> 0.02 | E14: Lusin | F14: 1 lusin jadi 50 Pcs | G14: Toko 1001 | H14: 25000 | J14: =D14*H14 -> 500
A15: 2 | B15: Benang Obras | C15: Hitam | D15: =4/50 -> 0.08 | E15: Cones | F15: 4 cones jadi 50 Pcs | G15: Toko 1001 | H15: 13000 | J15: =D15*H15 -> 1040
A16: 3 | B16: Label Size Bordir | C16: Hitam | D16: =1/100 -> 0.01 | E16: Golong | F16: 1 Golong Jadi 100 Pcs | G16: Toko 1001 | H16: 10000 | J16: =D16*H16 -> 100
A17: 4 | B17: Plastik Opp 30 Micron | C17: Bening | D17: 1 | E17: Pcs | F17: 1 Plastik 1 Pcs | G17: Mapan Plastik | H17: 370 | J17: =D17*H17 -> 370
A18: 5 | B18: Plastik Pp 50x60cm | C18: Bening | D18: =1/10 -> 0.1 | E18: Pcs | F18: 1 Plastik 10 Pcs | G18: Istana Plastik | H18: 587 | J18: =D18*H18 -> 58.7
A19: 6 | B19: Karung | C19: Putih | D19: =1/100 -> 0.01 | E19: Pcs | F19: 1 karung 100 pcs | G19: Cibadak | H19: 5000 | J19: =D19*H19 -> 50
A20: 7 | B20: Kain Keras | C20: Putih | D20: =1.5/5 -> 0.3 | E20: Meter | F20: 1,5 Meter Jadi 5 Pcs | G20: Toko 1001 | H20: 4212 | J20: =D20*H20 -> 1263.6
A21: 8 | B21: Bordir | C21: 2 Logo | D21: 1 | E21: Pcs | G21: Andry Bordir | H21: 10000 | J21: =D21*H21 -> 10000
A22: 9 | B22: Kancing | C22: di sesuaikan | D22: =(1/144)*7 -> 0.048611111 | E22: Pcs | F22: 7 Pc Pembelian per 1 gross | G22: 1001 | H22: 6000 | I22: 6000 | J22: =D22*H22 -> 291.66667
A23: Manufaktur
A24: NO | B24: WORK | D24: PEMAKAIAN | E24: UNIT | F24: KET. PEMAKAIAN | G24: VENDOR | H24: ESTIMASI MIN | J24: HARGA / PCS
A25: 1 | B25: Cutting Kemeja | D25: 1 | E25: Pcs | G25: VML | H25: 3500 | J25: =D25*H25 -> 3500
A26: 2 | B26: Jahit Kemeja | D26: 1 | E26: Pcs | G26: VML | H26: 18000 | J26: =D26*H26 -> 18000
A27: 3 | B27: QC Kemeja | D27: 1 | E27: Pcs | G27: VML | H27: 3000 | J27: =D27*H27 -> 3000
A28: 4 | B28: Pasang Lubang Kancing | D28: 7 | E28: Pcs | G28: VML | H28: 300 | J28: =D28*H28 -> 2100

Sheet 68. Kemeja Seragam LS Drill Hea
B2: Kemeja Seragam L/S Drill Heavy Duty - Bordir | C2: Total Harga/Pcs
B3: Bahan | C3: =SUM(J10:J11) -> 60000
B4: Aksesoris | C4: =SUM(J14:J21) -> 13382.3
B5: Pekerja | C5: =SUM(J24:J27) -> 24500
B6: Total Biaya Per Pcs | C6: =SUM(C3:D5) -> 97882.3
A8: BAHAN UTAMA
A9: NO | B9: BAHAN | C9: WARNA | D9: PEMAKAIAN | E9: UNIT | F9: KETERANGAN Pemakaian | G9: VENDOR | H9: HARGA ECER | I9: HARGA ROLL | J9: HARGA / PCS
A10: 1 | B10: Ventura | C10: Hitam | D10: 1.5 | E10: meter | F10: 1.5 meter = 1 baju | G10: Sumber Agung | H10: 40000 | I10: 36000 | J10: =D10*H10 -> 60000
A11: 2 | B11: Bahan Kantong (jika Dibuthkan) | J11: =D11*H11 -> 0
A12: AKSESORIS
A13: NO | B13: BAHAN | C13: WARNA | D13: PEMAKAIAN | E13: UNIT | F13: KET. PEMAKAIAN | G13: VENDOR | H13: HARGA ECER | I13: HARGA ROLL | J13: HARGA / PCS
A14: 1 | B14: Benang Jahit | C14: Hitam | D14: =1/50 -> 0.02 | E14: Lusin | F14: 1 lusin jadi 50 Pcs | G14: Toko 1001 | H14: 25000 | J14: =D14*H14 -> 500
A15: 2 | B15: Benang Obras | C15: Hitam | D15: =4/50 -> 0.08 | E15: Cones | F15: 4 cones jadi 50 Pcs | G15: Toko 1001 | H15: 13000 | J15: =D15*H15 -> 1040
A16: 3 | B16: Label Size Bordir | C16: Hitam | D16: =1/100 -> 0.01 | E16: Golong | F16: 1 Golong Jadi 100 Pcs | G16: Toko 1001 | H16: 10000 | J16: =D16*H16 -> 100
A17: 4 | B17: Plastik Opp 30 Micron | C17: Bening | D17: 1 | E17: Pcs | F17: 1 Plastik 1 Pcs | G17: Mapan Plastik | H17: 370 | J17: =D17*H17 -> 370
A18: 5 | B18: Plastik Pp 50x60cm | C18: Bening | D18: =1/10 -> 0.1 | E18: Pcs | F18: 1 Plastik 10 Pcs | G18: Istana Plastik | H18: 587 | J18: =D18*H18 -> 58.7
A19: 6 | B19: Karung | C19: Putih | D19: =1/100 -> 0.01 | E19: Pcs | F19: 1 karung 100 pcs | G19: Cibadak | H19: 5000 | J19: =D19*H19 -> 50
A20: 7 | B20: Kain Keras | C20: Putih | D20: =1.5/5 -> 0.3 | E20: Meter | F20: 1,5 Meter Jadi 5 Pcs | G20: Toko 1001 | H20: 4212 | J20: =D20*H20 -> 1263.6
A21: 8 | B21: Bordir | C21: 2 Logo | D21: 1 | E21: Pcs | G21: Andry Bordir | H21: 10000 | J21: =D21*H21 -> 10000
A22: 9 | B22: Kancing | C22: di sesuaikan | D22: =(1/144)*7 -> 0.048611111 | E22: Pcs | F22: 7 Pc Pembelian per 1 gross | G22: 1001 | H22: 6000 | I22: 6000 | J22: =D22*H22 -> 291.66667
A23: Manufaktur
A24: NO | B24: WORK | D24: PEMAKAIAN | E24: UNIT | F24: KET. PEMAKAIAN | G24: VENDOR | H24: ESTIMASI MIN | J24: HARGA / PCS
A25: 1 | B25: Cutting Kemeja | D25: 1 | E25: Pcs | G25: VML | H25: 3500 | J25: =D25*H25 -> 3500
A26: 2 | B26: Jahit Kemeja | D26: 1 | E26: Pcs | G26: VML | H26: 18000 | J26: =D26*H26 -> 18000
A27: 3 | B27: QC Kemeja | D27: 1 | E27: Pcs | G27: VML | H27: 3000 | J27: =D27*H27 -> 3000
A28: 4 | B28: Pasang Lubang Kancing | D28: 7 | E28: Pcs | G28: VML | H28: 300 | J28: =D28*H28 -> 2100

Sheet 69. Kemeja Seragam LS Toyobo Pr
B2: Kemeja Seragam L/S Toyobo Premium - Bordir | C2: Total Harga/Pcs
B3: Bahan | C3: =SUM(J10:J11) -> 63000
B4: Aksesoris | C4: =SUM(J14:J21) -> 13382.3
B5: Pekerja | C5: =SUM(J24:J27) -> 24500
B6: Total Biaya Per Pcs | C6: =SUM(C3:D5) -> 100882.3
A8: BAHAN UTAMA
A9: NO | B9: BAHAN | C9: WARNA | D9: PEMAKAIAN | E9: UNIT | F9: KETERANGAN Pemakaian | G9: VENDOR | H9: HARGA ECER | I9: HARGA ROLL | J9: HARGA / PCS
A10: 1 | B10: Toyobo Fodu | C10: Hitam | D10: 1.5 | E10: meter | F10: 1.5 meter = 1 baju | G10: Median | H10: 42000 | I10: 38000 | J10: =D10*H10 -> 63000
A11: 2 | B11: Bahan Kantong (jika Dibuthkan) | J11: =D11*H11 -> 0
A12: AKSESORIS
A13: NO | B13: BAHAN | C13: WARNA | D13: PEMAKAIAN | E13: UNIT | F13: KET. PEMAKAIAN | G13: VENDOR | H13: HARGA ECER | I13: HARGA ROLL | J13: HARGA / PCS
A14: 1 | B14: Benang Jahit | C14: Hitam | D14: =1/50 -> 0.02 | E14: Lusin | F14: 1 lusin jadi 50 Pcs | G14: Toko 1001 | H14: 25000 | J14: =D14*H14 -> 500
A15: 2 | B15: Benang Obras | C15: Hitam | D15: =4/50 -> 0.08 | E15: Cones | F15: 4 cones jadi 50 Pcs | G15: Toko 1001 | H15: 13000 | J15: =D15*H15 -> 1040
A16: 3 | B16: Label Size Bordir | C16: Hitam | D16: =1/100 -> 0.01 | E16: Golong | F16: 1 Golong Jadi 100 Pcs | G16: Toko 1001 | H16: 10000 | J16: =D16*H16 -> 100
A17: 4 | B17: Plastik Opp 30 Micron | C17: Bening | D17: 1 | E17: Pcs | F17: 1 Plastik 1 Pcs | G17: Mapan Plastik | H17: 370 | J17: =D17*H17 -> 370
A18: 5 | B18: Plastik Pp 50x60cm | C18: Bening | D18: =1/10 -> 0.1 | E18: Pcs | F18: 1 Plastik 10 Pcs | G18: Istana Plastik | H18: 587 | J18: =D18*H18 -> 58.7
A19: 6 | B19: Karung | C19: Putih | D19: =1/100 -> 0.01 | E19: Pcs | F19: 1 karung 100 pcs | G19: Cibadak | H19: 5000 | J19: =D19*H19 -> 50
A20: 7 | B20: Kain Keras | C20: Putih | D20: =1.5/5 -> 0.3 | E20: Meter | F20: 1,5 Meter Jadi 5 Pcs | G20: Toko 1001 | H20: 4212 | J20: =D20*H20 -> 1263.6
A21: 8 | B21: Bordir | C21: 2 Logo | D21: 1 | E21: Pcs | G21: Andry Bordir | H21: 10000 | J21: =D21*H21 -> 10000
A22: 9 | B22: Kancing | C22: di sesuaikan | D22: =(1/144)*7 -> 0.048611111 | E22: Pcs | F22: 7 Pc Pembelian per 1 gross | G22: 1001 | H22: 6000 | I22: 6000 | J22: =D22*H22 -> 291.66667
A23: Manufaktur
A24: NO | B24: WORK | D24: PEMAKAIAN | E24: UNIT | F24: KET. PEMAKAIAN | G24: VENDOR | H24: ESTIMASI MIN | J24: HARGA / PCS
A25: 1 | B25: Cutting Kemeja | D25: 1 | E25: Pcs | G25: VML | H25: 3500 | J25: =D25*H25 -> 3500
A26: 2 | B26: Jahit Kemeja | D26: 1 | E26: Pcs | G26: VML | H26: 18000 | J26: =D26*H26 -> 18000
A27: 3 | B27: QC Kemeja | D27: 1 | E27: Pcs | G27: VML | H27: 3000 | J27: =D27*H27 -> 3000
A28: 4 | B28: Pasang Lubang Kancing | D28: 7 | E28: Pcs | G28: VML | H28: 300 | J28: =D28*H28 -> 2100

Sheet 70. Kemeja Seragam LS Toyobo Pr
B2: Kemeja Seragam L/S Toyobo Premium - Custom | C2: Total Harga/Pcs
B3: Bahan | C3: =SUM(J10:J11) -> 63000
B4: Aksesoris | C4: =SUM(J14:J21) -> 23382.3
B5: Pekerja | C5: =SUM(J24:J27) -> 24500
B6: Total Biaya Per Pcs | C6: =SUM(C3:D5) -> 110882.3
A8: BAHAN UTAMA
A9: NO | B9: BAHAN | C9: WARNA | D9: PEMAKAIAN | E9: UNIT | F9: KETERANGAN Pemakaian | G9: VENDOR | H9: HARGA ECER | I9: HARGA ROLL | J9: HARGA / PCS
A10: 1 | B10: Toyobo Fodu | C10: Hitam | D10: 1.5 | E10: meter | F10: 1.5 meter = 1 baju | G10: Median | H10: 42000 | I10: 38000 | J10: =D10*H10 -> 63000
A11: 2 | B11: Bahan Kantong (jika Dibuthkan) | J11: =D11*H11 -> 0
A12: AKSESORIS
A13: NO | B13: BAHAN | C13: WARNA | D13: PEMAKAIAN | E13: UNIT | F13: KET. PEMAKAIAN | G13: VENDOR | H13: HARGA ECER | I13: HARGA ROLL | J13: HARGA / PCS
A14: 1 | B14: Benang Jahit | C14: Hitam | D14: =1/50 -> 0.02 | E14: Lusin | F14: 1 lusin jadi 50 Pcs | G14: Toko 1001 | H14: 25000 | J14: =D14*H14 -> 500
A15: 2 | B15: Benang Obras | C15: Hitam | D15: =4/50 -> 0.08 | E15: Cones | F15: 4 cones jadi 50 Pcs | G15: Toko 1001 | H15: 13000 | J15: =D15*H15 -> 1040
A16: 3 | B16: Label Size Bordir | C16: Hitam | D16: =1/100 -> 0.01 | E16: Golong | F16: 1 Golong Jadi 100 Pcs | G16: Toko 1001 | H16: 10000 | J16: =D16*H16 -> 100
A17: 4 | B17: Plastik Opp 30 Micron | C17: Bening | D17: 1 | E17: Pcs | F17: 1 Plastik 1 Pcs | G17: Mapan Plastik | H17: 370 | J17: =D17*H17 -> 370
A18: 5 | B18: Plastik Pp 50x60cm | C18: Bening | D18: =1/10 -> 0.1 | E18: Pcs | F18: 1 Plastik 10 Pcs | G18: Istana Plastik | H18: 587 | J18: =D18*H18 -> 58.7
A19: 6 | B19: Karung | C19: Putih | D19: =1/100 -> 0.01 | E19: Pcs | F19: 1 karung 100 pcs | G19: Cibadak | H19: 5000 | J19: =D19*H19 -> 50
A20: 7 | B20: Kain Keras | C20: Putih | D20: =1.5/5 -> 0.3 | E20: Meter | F20: 1,5 Meter Jadi 5 Pcs | G20: Toko 1001 | H20: 4212 | J20: =D20*H20 -> 1263.6
A21: 8 | B21: Bordir | C21: 2 Logo | D21: 1 | E21: Pcs | G21: Andry Bordir | H21: 20000 | J21: =D21*H21 -> 20000
A22: 9 | B22: Kancing | C22: di sesuaikan | D22: =(1/144)*7 -> 0.048611111 | E22: Pcs | F22: 7 Pc Pembelian per 1 gross | G22: 1001 | H22: 6000 | I22: 6000 | J22: =D22*H22 -> 291.66667
A23: Manufaktur
A24: NO | B24: WORK | D24: PEMAKAIAN | E24: UNIT | F24: KET. PEMAKAIAN | G24: VENDOR | H24: ESTIMASI MIN | J24: HARGA / PCS
A25: 1 | B25: Cutting Kemeja | D25: 1 | E25: Pcs | G25: VML | H25: 3500 | J25: =D25*H25 -> 3500
A26: 2 | B26: Jahit Kemeja | D26: 1 | E26: Pcs | G26: VML | H26: 18000 | J26: =D26*H26 -> 18000
A27: 3 | B27: QC Kemeja | D27: 1 | E27: Pcs | G27: VML | H27: 3000 | J27: =D27*H27 -> 3000
A28: 4 | B28: Pasang Lubang Kancing | D28: 7 | E28: Pcs | G28: VML | H28: 300 | J28: =D28*H28 -> 2100

Sheet 71. Kemeja Seragam LS High Twis
B2: Kemeja Seragam L/S High Twist Premium - Bordir | C2: Total Harga/Pcs
B3: Bahan | C3: =SUM(J10:J11) -> 75000
B4: Aksesoris | C4: =SUM(J14:J21) -> 13382.3
B5: Pekerja | C5: =SUM(J24:J27) -> 28600
B6: Total Biaya Per Pcs | C6: =SUM(C3:D5) -> 116982.3
A8: BAHAN UTAMA
A9: NO | B9: BAHAN | C9: WARNA | D9: PEMAKAIAN | E9: UNIT | F9: KETERANGAN Pemakaian | G9: VENDOR | H9: HARGA ECER | I9: HARGA ROLL | J9: HARGA / PCS
A10: 1 | B10: High Twist | C10: Hitam | D10: 1.5 | E10: meter | F10: 1.5 meter = 1 baju | G10: Indah Tex | H10: 50000 | I10: 45000 | J10: =D10*H10 -> 75000
A11: 2 | J11: =D11*H11 -> 0
A12: AKSESORIS
A13: NO | B13: BAHAN | C13: WARNA | D13: PEMAKAIAN | E13: UNIT | F13: KET. PEMAKAIAN | G13: VENDOR | H13: HARGA ECER | I13: HARGA ROLL | J13: HARGA / PCS
A14: 1 | B14: Benang Jahit | C14: Hitam | D14: =1/50 -> 0.02 | E14: Lusin | F14: 1 lusin jadi 50 Pcs | G14: Toko 1001 | H14: 25000 | J14: =D14*H14 -> 500
A15: 2 | B15: Benang Obras | C15: Hitam | D15: =4/50 -> 0.08 | E15: Cones | F15: 4 cones jadi 50 Pcs | G15: Toko 1001 | H15: 13000 | J15: =D15*H15 -> 1040
A16: 3 | B16: Label Size Bordir | C16: Hitam | D16: =1/100 -> 0.01 | E16: Golong | F16: 1 Golong Jadi 100 Pcs | G16: Toko 1001 | H16: 10000 | J16: =D16*H16 -> 100
A17: 4 | B17: Plastik Opp 30 Micron | C17: Bening | D17: 1 | E17: Pcs | F17: 1 Plastik 1 Pcs | G17: Mapan Plastik | H17: 370 | J17: =D17*H17 -> 370
A18: 5 | B18: Plastik Pp 50x60cm | C18: Bening | D18: =1/10 -> 0.1 | E18: Pcs | F18: 1 Plastik 10 Pcs | G18: Istana Plastik | H18: 587 | J18: =D18*H18 -> 58.7
A19: 6 | B19: Karung | C19: Putih | D19: =1/100 -> 0.01 | E19: Pcs | F19: 1 karung 100 pcs | G19: Cibadak | H19: 5000 | J19: =D19*H19 -> 50
A20: 7 | B20: Kain Keras | C20: Putih | D20: =1.5/5 -> 0.3 | E20: Meter | F20: 1,5 Meter Jadi 5 Pcs | G20: Toko 1001 | H20: 4212 | J20: =D20*H20 -> 1263.6
A21: 8 | B21: Bordir | C21: 2 Logo | D21: 1 | E21: Pcs | G21: Andry Bordir | H21: 10000 | J21: =D21*H21 -> 10000
A22: Manufaktur
A23: NO | B23: WORK | D23: PEMAKAIAN | E23: UNIT | F23: KET. PEMAKAIAN | G23: VENDOR | H23: ESTIMASI MIN | J23: HARGA / PCS
A24: 1 | B24: Cutting Kemeja | D24: 1 | E24: Pcs | G24: VML | H24: 3500 | J24: =D24*H24 -> 3500
A25: 2 | B25: Jahit Kemeja | D25: 1 | E25: Pcs | G25: VML | H25: 18000 | J25: 20000
A26: 3 | B26: QC Kemeja | D26: 1 | E26: Pcs | G26: VML | H26: 3000 | J26: =D26*H26 -> 3000
A27: 4 | B27: Pasang Lubang Kancing | D27: 7 | E27: Pcs | G27: VML | H27: 300 | J27: =D27*H27 -> 2100

Sheet 72. Kemeja Seragam LS High Twis
B2: Kemeja Seragam L/S High Twist Premium - Bordir | C2: Total Harga/Pcs
B3: Bahan | C3: =SUM(J10:J11) -> 75000
B4: Aksesoris | C4: =SUM(J14:J21) -> 23382.3
B5: Pekerja | C5: =SUM(J24:J27) -> 28600
B6: Total Biaya Per Pcs | C6: =SUM(C3:D5) -> 126982.3
A8: BAHAN UTAMA
A9: NO | B9: BAHAN | C9: WARNA | D9: PEMAKAIAN | E9: UNIT | F9: KETERANGAN Pemakaian | G9: VENDOR | H9: HARGA ECER | I9: HARGA ROLL | J9: HARGA / PCS
A10: 1 | B10: High Twist | C10: Hitam | D10: 1.5 | E10: meter | F10: 1.5 meter = 1 baju | G10: Indah Tex | H10: 50000 | I10: 45000 | J10: =D10*H10 -> 75000
A11: 2 | J11: =D11*H11 -> 0
A12: AKSESORIS
A13: NO | B13: BAHAN | C13: WARNA | D13: PEMAKAIAN | E13: UNIT | F13: KET. PEMAKAIAN | G13: VENDOR | H13: HARGA ECER | I13: HARGA ROLL | J13: HARGA / PCS
A14: 1 | B14: Benang Jahit | C14: Hitam | D14: =1/50 -> 0.02 | E14: Lusin | F14: 1 lusin jadi 50 Pcs | G14: Toko 1001 | H14: 25000 | J14: =D14*H14 -> 500
A15: 2 | B15: Benang Obras | C15: Hitam | D15: =4/50 -> 0.08 | E15: Cones | F15: 4 cones jadi 50 Pcs | G15: Toko 1001 | H15: 13000 | J15: =D15*H15 -> 1040
A16: 3 | B16: Label Size Bordir | C16: Hitam | D16: =1/100 -> 0.01 | E16: Golong | F16: 1 Golong Jadi 100 Pcs | G16: Toko 1001 | H16: 10000 | J16: =D16*H16 -> 100
A17: 4 | B17: Plastik Opp 30 Micron | C17: Bening | D17: 1 | E17: Pcs | F17: 1 Plastik 1 Pcs | G17: Mapan Plastik | H17: 370 | J17: =D17*H17 -> 370
A18: 5 | B18: Plastik Pp 50x60cm | C18: Bening | D18: =1/10 -> 0.1 | E18: Pcs | F18: 1 Plastik 10 Pcs | G18: Istana Plastik | H18: 587 | J18: =D18*H18 -> 58.7
A19: 6 | B19: Karung | C19: Putih | D19: =1/100 -> 0.01 | E19: Pcs | F19: 1 karung 100 pcs | G19: Cibadak | H19: 5000 | J19: =D19*H19 -> 50
A20: 7 | B20: Kain Keras | C20: Putih | D20: =1.5/5 -> 0.3 | E20: Meter | F20: 1,5 Meter Jadi 5 Pcs | G20: Toko 1001 | H20: 4212 | J20: =D20*H20 -> 1263.6
A21: 8 | B21: Bordir | C21: 2 Logo | D21: 1 | E21: Pcs | G21: Andry Bordir | H21: 20000 | J21: =D21*H21 -> 20000
A22: Manufaktur
A23: NO | B23: WORK | D23: PEMAKAIAN | E23: UNIT | F23: KET. PEMAKAIAN | G23: VENDOR | H23: ESTIMASI MIN | J23: HARGA / PCS
A24: 1 | B24: Cutting Kemeja | D24: 1 | E24: Pcs | G24: VML | H24: 3500 | J24: =D24*H24 -> 3500
A25: 2 | B25: Jahit Kemeja | D25: 1 | E25: Pcs | G25: VML | H25: 18000 | J25: 20000
A26: 3 | B26: QC Kemeja | D26: 1 | E26: Pcs | G26: VML | H26: 3000 | J26: =D26*H26 -> 3000
A27: 4 | B27: Pasang Lubang Kancing | D27: 7 | E27: Pcs | G27: VML | H27: 300 | J27: =D27*H27 -> 2100

Sheet 73. Kemeja Seragam SS  Toyobo -
B2: Kemeja Seragam S/S Toyobo - Full Print | C2: Total Harga/Pcs
B3: Bahan | C3: =SUM(J10:J11) -> 31500
B4: Aksesoris | C4: =SUM(J14:J21) -> 24982.3
B5: Pekerja | C5: =SUM(J24:J27) -> 28100
B6: Total Biaya Per Pcs | C6: =SUM(C3:D5) -> 84582.3
A8: BAHAN UTAMA
A9: NO | B9: BAHAN | C9: WARNA | D9: PEMAKAIAN | E9: UNIT | F9: KETERANGAN Pemakaian | G9: VENDOR | H9: HARGA ECER | I9: HARGA ROLL | J9: HARGA / PCS
A10: 1 | B10: Toyobo sublim | C10: Hitam | D10: 1.25 | E10: Yard | F10: 1.25 meter = 1 Pc | G10: Cahya | H10: 25200 | J10: =D10*H10 -> 31500
A11: 2 | J11: =D11*H11 -> 0
A12: AKSESORIS
A13: NO | B13: BAHAN | C13: WARNA | D13: PEMAKAIAN | E13: UNIT | F13: KET. PEMAKAIAN | G13: VENDOR | H13: HARGA ECER | I13: HARGA ROLL | J13: HARGA / PCS
A14: 1 | B14: Benang Jahit | C14: Hitam | D14: =1/50 -> 0.02 | E14: Lusin | F14: 1 lusin jadi 50 Pcs | G14: Toko 1001 | H14: 25000 | J14: =D14*H14 -> 500
A15: 2 | B15: Benang Obras | C15: Hitam | D15: =4/50 -> 0.08 | E15: Cones | F15: 4 cones jadi 50 Pcs | G15: Toko 1001 | H15: 13000 | J15: =D15*H15 -> 1040
A16: 3 | B16: Label Size Bordir | C16: Hitam | D16: =1/100 -> 0.01 | E16: Golong | F16: 1 Golong Jadi 100 Pcs | G16: Toko 1001 | H16: 10000 | J16: =D16*H16 -> 100
A17: 4 | B17: Plastik Opp 30 Micron | C17: Bening | D17: 1 | E17: Pcs | F17: 1 Plastik 1 Pcs | G17: Mapan Plastik | H17: 370 | J17: =D17*H17 -> 370
A18: 5 | B18: Plastik Pp 50x60cm | C18: Bening | D18: =1/10 -> 0.1 | E18: Pcs | F18: 1 Plastik 10 Pcs | G18: Istana Plastik | H18: 587 | J18: =D18*H18 -> 58.7
A19: 6 | B19: Karung | C19: Putih | D19: =1/100 -> 0.01 | E19: Pcs | F19: 1 karung 100 pcs | G19: Cibadak | H19: 5000 | J19: =D19*H19 -> 50
A20: 7 | B20: Kain Keras | C20: Putih | D20: =1.5/5 -> 0.3 | E20: Meter | F20: 1,5 Meter Jadi 5 Pcs | G20: Toko 1001 | H20: 4212 | J20: =D20*H20 -> 1263.6
A21: 8 | B21: Sublim | D21: 1.2 | E21: Meter | F21: 1.2 meter jadi 1 Pc | H21: 18000 | J21: =D21*H21 -> 21600
A22: Manufaktur
A23: NO | B23: WORK | D23: PEMAKAIAN | E23: UNIT | F23: KET. PEMAKAIAN | G23: VENDOR | H23: ESTIMASI MIN | J23: HARGA / PCS
A24: 1 | B24: Cutting Kemeja Sublim | D24: 1 | E24: Pcs | G24: VML | H24: 10000 | J24: 5000
A25: 2 | B25: Jahit Kemeja | D25: 1 | E25: Pcs | G25: VML | H25: 20000 | J25: 18000
A26: 3 | B26: QC KEmeja | D26: 1 | E26: Pcs | G26: VML | H26: 5000 | J26: 3000
A27: 4 | B27: Pasang Lubang Kancing | D27: 7 | E27: Pcs | G27: VML | H27: 300 | J27: =D27*H27 -> 2100

Sheet 75. Kemeja Seragam SS Twist Mir
B2: Kemeja Seragam S/S Twist Miracle- Full Print | C2: Total Harga/Pcs
B3: Bahan | C3: =SUM(J10:J11) -> 56250
B4: Aksesoris | C4: =SUM(J14:J21) -> 24982.3
B5: Pekerja | C5: =SUM(J24:J27) -> 28100
B6: Total Biaya Per Pcs | C6: =SUM(C3:D5) -> 109332.3
A8: BAHAN UTAMA
A9: NO | B9: BAHAN | C9: WARNA | D9: PEMAKAIAN | E9: UNIT | F9: KETERANGAN Pemakaian | G9: VENDOR | H9: HARGA ECER | I9: HARGA ROLL | J9: HARGA / PCS
A10: 1 | B10: Twist Miracle | C10: Hitam | D10: 1.25 | E10: Yard | F10: 1.25 meter = 1 Pc | G10: Indah Tex | H10: 45000 | J10: =D10*H10 -> 56250
A11: 2 | J11: =D11*H11 -> 0
A12: AKSESORIS
A13: NO | B13: BAHAN | C13: WARNA | D13: PEMAKAIAN | E13: UNIT | F13: KET. PEMAKAIAN | G13: VENDOR | H13: HARGA ECER | I13: HARGA ROLL | J13: HARGA / PCS
A14: 1 | B14: Benang Jahit | C14: Hitam | D14: =1/50 -> 0.02 | E14: Lusin | F14: 1 lusin jadi 50 Pcs | G14: Toko 1001 | H14: 25000 | J14: =D14*H14 -> 500
A15: 2 | B15: Benang Obras | C15: Hitam | D15: =4/50 -> 0.08 | E15: Cones | F15: 4 cones jadi 50 Pcs | G15: Toko 1001 | H15: 13000 | J15: =D15*H15 -> 1040
A16: 3 | B16: Label Size Bordir | C16: Hitam | D16: =1/100 -> 0.01 | E16: Golong | F16: 1 Golong Jadi 100 Pcs | G16: Toko 1001 | H16: 10000 | J16: =D16*H16 -> 100
A17: 4 | B17: Plastik Opp 30 Micron | C17: Bening | D17: 1 | E17: Pcs | F17: 1 Plastik 1 Pcs | G17: Mapan Plastik | H17: 370 | J17: =D17*H17 -> 370
A18: 5 | B18: Plastik Pp 50x60cm | C18: Bening | D18: =1/10 -> 0.1 | E18: Pcs | F18: 1 Plastik 10 Pcs | G18: Istana Plastik | H18: 587 | J18: =D18*H18 -> 58.7
A19: 6 | B19: Karung | C19: Putih | D19: =1/100 -> 0.01 | E19: Pcs | F19: 1 karung 100 pcs | G19: Cibadak | H19: 5000 | J19: =D19*H19 -> 50
A20: 7 | B20: Kain Keras | C20: Putih | D20: =1.5/5 -> 0.3 | E20: Meter | F20: 1,5 Meter Jadi 5 Pcs | G20: Toko 1001 | H20: 4212 | J20: =D20*H20 -> 1263.6
A21: 8 | B21: Sublim | D21: 1.2 | E21: Meter | F21: 1.2 meter jadi 1 Pc | H21: 18000 | J21: =D21*H21 -> 21600
A22: Manufaktur
A23: NO | B23: WORK | D23: PEMAKAIAN | E23: UNIT | F23: KET. PEMAKAIAN | G23: VENDOR | H23: ESTIMASI MIN | J23: HARGA / PCS
A24: 1 | B24: Cutting Kemeja Sublim | D24: 1 | E24: Pcs | G24: VML | H24: 10000 | J24: 5000
A25: 2 | B25: Jahit Kemeja | D25: 1 | E25: Pcs | G25: VML | H25: 20000 | J25: 18000
A26: 3 | B26: QC KEmeja | D26: 1 | E26: Pcs | G26: VML | H26: 5000 | J26: 3000
A27: 4 | B27: Pasang Lubang Kancing | D27: 7 | E27: Pcs | G27: VML | H27: 300 | J27: =D27*H27 -> 2100

Sheet 76. Kemeja Seragam SS Poly Micr
B2: Kemeja Seragam S/S Poly Micro - Full Print | C2: Total Harga/Pcs
B3: Bahan | C3: =SUM(J10:J11) -> 6540
B4: Aksesoris | C4: =SUM(J14:J21) -> 13882.3
B5: Pekerja | C5: =SUM(J24:J27) -> 28100
B6: Total Biaya Per Pcs | C6: =SUM(C3:D5) -> 48522.3
A8: BAHAN UTAMA
A9: NO | B9: BAHAN | C9: WARNA | D9: PEMAKAIAN | E9: UNIT | F9: KETERANGAN Pemakaian | G9: VENDOR | H9: HARGA ECER | I9: HARGA ROLL | J9: HARGA / PCS
A10: 1 | B10: Polymicro | C10: Hitam | D10: 0.3 | E10: Meter | F10: 1 meter lebar 180 | G10: Jaya Mandiri | H10: 21800 | J10: =D10*H10 -> 6540
A11: 2 | J11: =D11*H11 -> 0
A12: AKSESORIS
A13: NO | B13: BAHAN | C13: WARNA | D13: PEMAKAIAN | E13: UNIT | F13: KET. PEMAKAIAN | G13: VENDOR | H13: HARGA ECER | I13: HARGA ROLL | J13: HARGA / PCS
A14: 1 | B14: Benang Jahit | C14: Hitam | D14: =1/50 -> 0.02 | E14: Lusin | F14: 1 lusin jadi 50 Pcs | G14: Toko 1001 | H14: 25000 | J14: =D14*H14 -> 500
A15: 2 | B15: Benang Obras | C15: Hitam | D15: =4/50 -> 0.08 | E15: Cones | F15: 4 cones jadi 50 Pcs | G15: Toko 1001 | H15: 13000 | J15: =D15*H15 -> 1040
A16: 3 | B16: Label Size Bordir | C16: Hitam | D16: =1/100 -> 0.01 | E16: Golong | F16: 1 Golong Jadi 100 Pcs | G16: Toko 1001 | H16: 10000 | J16: =D16*H16 -> 100
A17: 4 | B17: Plastik Opp 30 Micron | C17: Bening | D17: 1 | E17: Pcs | F17: 1 Plastik 1 Pcs | G17: Mapan Plastik | H17: 370 | J17: =D17*H17 -> 370
A18: 5 | B18: Plastik Pp 50x60cm | C18: Bening | D18: =1/10 -> 0.1 | E18: Pcs | F18: 1 Plastik 10 Pcs | G18: Istana Plastik | H18: 587 | J18: =D18*H18 -> 58.7
A19: 6 | B19: Karung | C19: Putih | D19: =1/100 -> 0.01 | E19: Pcs | F19: 1 karung 100 pcs | G19: Cibadak | H19: 5000 | J19: =D19*H19 -> 50
A20: 7 | B20: Kain Keras | C20: Putih | D20: =1.5/5 -> 0.3 | E20: Meter | F20: 1,5 Meter Jadi 5 Pcs | G20: Toko 1001 | H20: 4212 | J20: =D20*H20 -> 1263.6
A21: 8 | B21: Sublim | D21: 0.3 | E21: Meter | F21: 0.9 meter jadi 1 Pc | H21: 35000 | J21: =D21*H21 -> 10500
A22: Manufaktur
A23: NO | B23: WORK | D23: PEMAKAIAN | E23: UNIT | F23: KET. PEMAKAIAN | G23: VENDOR | H23: ESTIMASI MIN | J23: HARGA / PCS
A24: 1 | B24: Cutting Kemeja Sublim | D24: 1 | E24: Pcs | G24: VML | H24: 10000 | J24: 5000
A25: 2 | B25: Jahit Kemeja | D25: 1 | E25: Pcs | G25: VML | H25: 20000 | J25: 18000
A26: 3 | B26: QC KEmeja | D26: 1 | E26: Pcs | G26: VML | H26: 5000 | J26: 3000
A27: 4 | B27: Pasang Lubang Kancing | D27: 7 | E27: Pcs | G27: VML | H27: 300 | J27: =D27*H27 -> 2100

Sheet 77. Kemeja Seragam LS Toyobo - 
B2: Kemeja Seragam L/S Toyobo - Full Print | C2: Total Harga/Pcs
B3: Bahan | C3: =SUM(J10:J11) -> 39060
B4: Aksesoris | C4: =SUM(J14:J21) -> 30382.3
B5: Pekerja | C5: =SUM(J24:J27) -> 28100
B6: Total Biaya Per Pcs | C6: =SUM(C3:D5) -> 97542.3
A8: BAHAN UTAMA
A9: NO | B9: BAHAN | C9: WARNA | D9: PEMAKAIAN | E9: UNIT | F9: KETERANGAN Pemakaian | G9: VENDOR | H9: HARGA ECER | I9: HARGA ROLL | J9: HARGA / PCS
A10: 1 | B10: Toyobo sublim | C10: Hitam | D10: 1.55 | E10: Yard | F10: 1.55 meter = 1 Pc | G10: Cahya | H10: 25200 | J10: =D10*H10 -> 39060
A11: 2 | J11: =D11*H11 -> 0
A12: AKSESORIS
A13: NO | B13: BAHAN | C13: WARNA | D13: PEMAKAIAN | E13: UNIT | F13: KET. PEMAKAIAN | G13: VENDOR | H13: HARGA ECER | I13: HARGA ROLL | J13: HARGA / PCS
A14: 1 | B14: Benang Jahit | C14: Hitam | D14: =1/50 -> 0.02 | E14: Lusin | F14: 1 lusin jadi 50 Pcs | G14: Toko 1001 | H14: 25000 | J14: =D14*H14 -> 500
A15: 2 | B15: Benang Obras | C15: Hitam | D15: =4/50 -> 0.08 | E15: Cones | F15: 4 cones jadi 50 Pcs | G15: Toko 1001 | H15: 13000 | J15: =D15*H15 -> 1040
A16: 3 | B16: Label Size Bordir | C16: Hitam | D16: =1/100 -> 0.01 | E16: Golong | F16: 1 Golong Jadi 100 Pcs | G16: Toko 1001 | H16: 10000 | J16: =D16*H16 -> 100
A17: 4 | B17: Plastik Opp 30 Micron | C17: Bening | D17: 1 | E17: Pcs | F17: 1 Plastik 1 Pcs | G17: Mapan Plastik | H17: 370 | J17: =D17*H17 -> 370
A18: 5 | B18: Plastik Pp 50x60cm | C18: Bening | D18: =1/10 -> 0.1 | E18: Pcs | F18: 1 Plastik 10 Pcs | G18: Istana Plastik | H18: 587 | J18: =D18*H18 -> 58.7
A19: 6 | B19: Karung | C19: Putih | D19: =1/100 -> 0.01 | E19: Pcs | F19: 1 karung 100 pcs | G19: Cibadak | H19: 5000 | J19: =D19*H19 -> 50
A20: 7 | B20: Kain Keras | C20: Putih | D20: =1.5/5 -> 0.3 | E20: Meter | F20: 1,5 Meter Jadi 5 Pcs | G20: Toko 1001 | H20: 4212 | J20: =D20*H20 -> 1263.6
A21: 8 | B21: Sublim | D21: 1.5 | E21: Meter | F21: 1.5 meter jadi 1 Pc | H21: 18000 | J21: =D21*H21 -> 27000
A22: Manufaktur
A23: NO | B23: WORK | D23: PEMAKAIAN | E23: UNIT | F23: KET. PEMAKAIAN | G23: VENDOR | H23: ESTIMASI MIN | J23: HARGA / PCS
A24: 1 | B24: Cutting Kemeja Sublim | D24: 1 | E24: Pcs | G24: VML | H24: 10000 | J24: 5000
A25: 2 | B25: Jahit Kemeja | D25: 1 | E25: Pcs | G25: VML | H25: 20000 | J25: 18000
A26: 3 | B26: QC KEmeja | D26: 1 | E26: Pcs | G26: VML | H26: 5000 | J26: 3000
A27: 4 | B27: Pasang Lubang Kancing | D27: 7 | E27: Pcs | G27: VML | H27: 300 | J27: =D27*H27 -> 2100

Sheet 78. Kemeja Seragam LS Twist Mir
B2: Kemeja Seragam L/S Twist Miracle- Full Print | C2: Total Harga/Pcs
B3: Bahan | C3: =SUM(J10:J11) -> 67500
B4: Aksesoris | C4: =SUM(J14:J21) -> 30382.3
B5: Pekerja | C5: =SUM(J24:J27) -> 28600
B6: Total Biaya Per Pcs | C6: =SUM(C3:D5) -> 126482.3
A8: BAHAN UTAMA
A9: NO | B9: BAHAN | C9: WARNA | D9: PEMAKAIAN | E9: UNIT | F9: KETERANGAN Pemakaian | G9: VENDOR | H9: HARGA ECER | I9: HARGA ROLL | J9: HARGA / PCS
A10: 1 | B10: Twist Miracle | C10: Hitam | D10: 1.5 | E10: Meter | F10: 1.5 meter = 1 Pc | G10: Indah Tex | H10: 45000 | J10: =D10*H10 -> 67500
A11: 2 | J11: =D11*H11 -> 0
A12: AKSESORIS
A13: NO | B13: BAHAN | C13: WARNA | D13: PEMAKAIAN | E13: UNIT | F13: KET. PEMAKAIAN | G13: VENDOR | H13: HARGA ECER | I13: HARGA ROLL | J13: HARGA / PCS
A14: 1 | B14: Benang Jahit | C14: Hitam | D14: =1/50 -> 0.02 | E14: Lusin | F14: 1 lusin jadi 50 Pcs | G14: Toko 1001 | H14: 25000 | J14: =D14*H14 -> 500
A15: 2 | B15: Benang Obras | C15: Hitam | D15: =4/50 -> 0.08 | E15: Cones | F15: 4 cones jadi 50 Pcs | G15: Toko 1001 | H15: 13000 | J15: =D15*H15 -> 1040
A16: 3 | B16: Label Size Bordir | C16: Hitam | D16: =1/100 -> 0.01 | E16: Golong | F16: 1 Golong Jadi 100 Pcs | G16: Toko 1001 | H16: 10000 | J16: =D16*H16 -> 100
A17: 4 | B17: Plastik Opp 30 Micron | C17: Bening | D17: 1 | E17: Pcs | F17: 1 Plastik 1 Pcs | G17: Mapan Plastik | H17: 370 | J17: =D17*H17 -> 370
A18: 5 | B18: Plastik Pp 50x60cm | C18: Bening | D18: =1/10 -> 0.1 | E18: Pcs | F18: 1 Plastik 10 Pcs | G18: Istana Plastik | H18: 587 | J18: =D18*H18 -> 58.7
A19: 6 | B19: Karung | C19: Putih | D19: =1/100 -> 0.01 | E19: Pcs | F19: 1 karung 100 pcs | G19: Cibadak | H19: 5000 | J19: =D19*H19 -> 50
A20: 7 | B20: Kain Keras | C20: Putih | D20: =1.5/5 -> 0.3 | E20: Meter | F20: 1,5 Meter Jadi 5 Pcs | G20: Toko 1001 | H20: 4212 | J20: =D20*H20 -> 1263.6
A21: 8 | B21: Sublim | D21: 1.5 | E21: Meter | F21: 1.5 meter jadi 1 Pc | H21: 18000 | J21: =D21*H21 -> 27000
A22: Manufaktur
A23: NO | B23: WORK | D23: PEMAKAIAN | E23: UNIT | F23: KET. PEMAKAIAN | G23: VENDOR | H23: ESTIMASI MIN | J23: HARGA / PCS
A24: 1 | B24: Cutting Kemeja | D24: 1 | E24: Pcs | G24: VML | H24: 3500 | J24: =D24*H24 -> 3500
A25: 2 | B25: Jahit Kemeja | D25: 1 | E25: Pcs | G25: VML | H25: 18000 | J25: 20000
A26: 3 | B26: QC Kemeja | D26: 1 | E26: Pcs | G26: VML | H26: 3000 | J26: =D26*H26 -> 3000
A27: 4 | B27: Pasang Lubang Kancing | D27: 7 | E27: Pcs | G27: VML | H27: 300 | J27: =D27*H27 -> 2100

Sheet 79. Kemeja Seragam LS Poly Micr
B2: Kemeja Seragam L/S Poly Micro - Full Print | C2: Total Harga/Pcs
B3: Bahan | C3: =SUM(J10:J11) -> 10900
B4: Aksesoris | C4: =SUM(J14:J21) -> 20882.3
B5: Pekerja | C5: =SUM(J24:J27) -> 28100
B6: Total Biaya Per Pcs | C6: =SUM(C3:D5) -> 59882.3
A8: BAHAN UTAMA
A9: NO | B9: BAHAN | C9: WARNA | D9: PEMAKAIAN | E9: UNIT | F9: KETERANGAN Pemakaian | G9: VENDOR | H9: HARGA ECER | I9: HARGA ROLL | J9: HARGA / PCS
A10: 1 | B10: Polymicro | C10: Hitam | D10: 0.5 | E10: Meter | F10: 1 meter lebar 180 | G10: Jaya Mandiri | H10: 21800 | J10: =D10*H10 -> 10900
A11: 2 | J11: =D11*H11 -> 0
A12: AKSESORIS
A13: NO | B13: BAHAN | C13: WARNA | D13: PEMAKAIAN | E13: UNIT | F13: KET. PEMAKAIAN | G13: VENDOR | H13: HARGA ECER | I13: HARGA ROLL | J13: HARGA / PCS
A14: 1 | B14: Benang Jahit | C14: Hitam | D14: =1/50 -> 0.02 | E14: Lusin | F14: 1 lusin jadi 50 Pcs | G14: Toko 1001 | H14: 25000 | J14: =D14*H14 -> 500
A15: 2 | B15: Benang Obras | C15: Hitam | D15: =4/50 -> 0.08 | E15: Cones | F15: 4 cones jadi 50 Pcs | G15: Toko 1001 | H15: 13000 | J15: =D15*H15 -> 1040
A16: 3 | B16: Label Size Bordir | C16: Hitam | D16: =1/100 -> 0.01 | E16: Golong | F16: 1 Golong Jadi 100 Pcs | G16: Toko 1001 | H16: 10000 | J16: =D16*H16 -> 100
A17: 4 | B17: Plastik Opp 30 Micron | C17: Bening | D17: 1 | E17: Pcs | F17: 1 Plastik 1 Pcs | G17: Mapan Plastik | H17: 370 | J17: =D17*H17 -> 370
A18: 5 | B18: Plastik Pp 50x60cm | C18: Bening | D18: =1/10 -> 0.1 | E18: Pcs | F18: 1 Plastik 10 Pcs | G18: Istana Plastik | H18: 587 | J18: =D18*H18 -> 58.7
A19: 6 | B19: Karung | C19: Putih | D19: =1/100 -> 0.01 | E19: Pcs | F19: 1 karung 100 pcs | G19: Cibadak | H19: 5000 | J19: =D19*H19 -> 50
A20: 7 | B20: Kain Keras | C20: Putih | D20: =1.5/5 -> 0.3 | E20: Meter | F20: 1,5 Meter Jadi 5 Pcs | G20: Toko 1001 | H20: 4212 | J20: =D20*H20 -> 1263.6
A21: 8 | B21: Sublim | D21: 0.5 | E21: Meter | F21: 0.9 meter jadi 1 Pc | H21: 35000 | J21: =D21*H21 -> 17500
A22: Manufaktur
A23: NO | B23: WORK | D23: PEMAKAIAN | E23: UNIT | F23: KET. PEMAKAIAN | G23: VENDOR | H23: ESTIMASI MIN | J23: HARGA / PCS
A24: 1 | B24: Cutting Kemeja Sublim | D24: 1 | E24: Pcs | G24: VML | H24: 10000 | J24: 5000
A25: 2 | B25: Jahit Kemeja | D25: 1 | E25: Pcs | G25: VML | H25: 20000 | J25: 18000
A26: 3 | B26: QC KEmeja | D26: 1 | E26: Pcs | G26: VML | H26: 5000 | J26: 3000
A27: 4 | B27: Pasang Lubang Kancing | D27: 7 | E27: Pcs | G27: VML | H27: 300 | J27: =D27*H27 -> 2100

Sheet 80. Celana Panjang Sopan DrillT
B2: Celana Panjang Sopan Drill/Tropical | C2: Total Harga/Pcs
B3: Bahan | C3: =SUM(J10:J11) -> 56350
B4: Aksesoris | C4: =SUM(J14:J21) -> 10452.837
B5: Pekerja | C5: =SUM(J28:J31) -> 26800
B6: Total Biaya Per Pcs | C6: =SUM(C3:D5) -> 93602.837
A8: BAHAN UTAMA
A9: NO | B9: BAHAN | C9: WARNA | D9: PEMAKAIAN | E9: UNIT | F9: KETERANGAN Pemakaian | G9: VENDOR | H9: HARGA ECER | I9: HARGA ROLL | J9: HARGA / PCS
A10: 1 | B10: Maryland Drill / tropical Badan | C10: Hitam | D10: 1.45 | E10: Yard | F10: 1,45 meter untuk 1 celana | G10: Sumber Agung | H10: 35000 | I10: 29500 | J10: =D10*H10 -> 50750
A11: 2 | B11: Maryland Drill/ tropical kantong | C11: Hitam | D11: 0.16 | E11: Meter | F11: 16 cm untuk kantong | G11: Sumber Agung | H11: 35000 | I11: 29500 | J11: =D11*H11 -> 5600
A12: AKSESORIS
A13: NO | B13: BAHAN | C13: WARNA | D13: PEMAKAIAN | E13: UNIT | F13: KET. PEMAKAIAN | G13: VENDOR | H13: HARGA ECER | I13: HARGA ROLL | J13: HARGA / PCS
A14: 1 | B14: Benang Jahit | C14: Hitam | D14: =1/21 -> 0.047619048 | E14: Lusin | F14: 1 lusin untuk 21 pc | G14: Toko 1001 | H14: 25000 | J14: =D14*H14 -> 1190.4762
A15: 2 | B15: Benang Obras | C15: Hitam | D15: =4/21 -> 0.19047619 | E15: Cones | F15: 4 cones untuk 21 pc | G15: Toko 1001 | H15: 13000 | J15: =D15*H15 -> 2476.1905
A16: 3 | B16: Label Size Bordir | C16: Hitam | D16: =1/100 -> 0.01 | E16: Golong | F16: 1 Golong Jadi 100 Pcs | G16: Toko 1001 | H16: 10000 | J16: =D16*H16 -> 100
